{"type":"FeatureCollection","name":"Indian Maritime Geofences & Boundaries","crs":{"type":"name","properties":{"name":"urn:ogc:def:crs:OGC:1.3:CRS84"}},"features":[{"type":"Feature","id":"POLY-NAV-GOA-01","properties":{"polygon_id":"POLY-NAV-GOA-01","name":"Naval Firing Range Foxtrot (Goa Sector)","polygon_type":"NAVAL_FIRING_RANGE","is_hard_restriction":true,"authority":"Indian Navy / Coast Guard","restriction_level":"NO_GO","description":"Active artillery and live-fire defense training sector. All civilian vessels and fishing craft strictly prohibited."},"geometry":{"type":"Polygon","coordinates":[[[73.15,15.3],[73.35,15.3],[73.35,15.55],[73.15,15.55],[73.15,15.3]]]}},{"type":"Feature","id":"POLY-MPA-MALVAN-02","properties":{"polygon_id":"POLY-MPA-MALVAN-02","name":"Malvan Marine Sanctuary Core Conservation Zone","polygon_type":"MPA_SANCTUARY_CORE","is_hard_restriction":true,"authority":"Ministry of Environment, Forest and Climate Change","restriction_level":"NO_GO_TRAWLING","description":"Core coral reef and marine ecosystem sanctuary. Commercial bottom trawling and anchoring barred."},"geometry":{"type":"Polygon","coordinates":[[[73.4,16.0],[73.55,16.0],[73.55,16.12],[73.4,16.12],[73.4,16.0]]]}},{"type":"Feature","id":"POLY-IMBL-GUJ-01","properties":{"polygon_id":"POLY-IMBL-GUJ-01","name":"International Maritime Boundary Line Advisory Zone (Gujarat Sector)","polygon_type":"IMBL_ADVISORY_BORDER","is_hard_restriction":false,"authority":"Indian Coast Guard Maritime Surveillance","restriction_level":"ADVISORY_ALERT","description":"Sensitive international border proximity corridor. Mariners receive alert to prevent accidental border crossing."},"geometry":{"type":"Polygon","coordinates":[[[67.5,22.0],[68.5,22.0],[68.5,23.5],[67.5,23.5],[67.5,22.0]]]}},{"type":"Feature","id":"POLY-EEZ-IND-MAIN","properties":{"polygon_id":"POLY-EEZ-IND-MAIN","name":"Indian Exclusive Economic Zone (Mainland & Lakshadweep)","polygon_type":"EEZ_BOUNDARY","is_hard_restriction":false,"authority":"Government of India / UNCLOS","restriction_level":"INFORMATIONAL","area_km2":1659500,"mrgid":8480,"source":"Flanders Marine Institute (VLIZ) Marine Regions v12","description":"Official 200 nautical mile Exclusive Economic Zone covering the Arabian Sea, Bay of Bengal, and Lakshadweep Sea."},"geometry":{"type":"MultiPolygon","coordinates":[[[[68.37693153,23.99003632],[68.38693404,23.96518993],[68.38326848,23.96831191],[68.37633622,23.98394477],[68.36653817,23.98096395],[68.33545244,23.91802895],[68.27743495,23.91459656],[68.25865555,23.87554586],[68.31774855,23.87951934],[68.24898064,23.85362506],[68.28735447,23.83940256],[68.26089907,23.82481468],[68.24576902,23.85344493],[68.23429167,23.83607054],[68.21338677,23.83477986],[68.23464894,23.77544785],[68.21922266,23.75447881],[68.21392024,23.75540304],[68.21227455,23.76338661],[68.19330561,23.73510027],[68.20795906,23.70697343],[68.26055074,23.68296528],[68.25427461,23.71915722],[68.2663455,23.79285288],[68.29561806,23.80415118],[68.28910804,23.81670225],[68.3039515,23.82434881],[68.33789003,23.81930125],[68.34689534,23.9039551],[68.41074491,23.92526245],[68.4343722,23.96831014],[68.44903934,23.95992494],[68.42860055,23.93644571],[68.44871998,23.93980086],[68.46299005,23.93179846],[68.45313847,23.88005233],[68.43996155,23.86637974],[68.42868376,23.86107337],[68.4437741,23.84829724],[68.47190881,23.86130226],[68.46761441,23.89436257],[68.518453,23.92406046],[68.49909378,23.96918717],[68.52215946,23.94536877],[68.54415524,23.97003674],[68.5568026,23.97015914],[68.54131675,23.93929887],[68.58774745,23.92219627],[68.60352351,23.97069821],[68.61818171,23.90795755],[68.66199374,23.92261601],[68.51554644,23.82473791],[68.5226382,23.81740165],[68.5262053,23.80206931],[68.53732145,23.81487322],[68.51571941,23.78499866],[68.52504241,23.77585733],[68.52927518,23.75526071],[68.57564056,23.82225728],[68.60380578,23.84969807],[68.63739586,23.83596694],[68.66024625,23.8580991],[68.76145685,23.87509096],[68.72231722,23.83190966],[68.74253714,23.83714414],[68.66629887,23.80811036],[68.63259625,23.75778794],[68.5249809,23.69062364],[68.5205214,23.6546911],[68.52988362,23.6616441],[68.53874886,23.66175175],[68.48943496,23.6353209],[68.49496508,23.60782385],[68.48744345,23.57823944],[68.49748993,23.54733253],[68.48415947,23.54835486],[68.49897361,23.51490056],[68.49190593,23.50073886],[68.51899791,23.48900616],[68.50235581,23.4660356],[68.52240396,23.44632304],[68.51928687,23.47089493],[68.53598332,23.42117834],[68.56053245,23.41869664],[68.55881548,23.38701642],[68.58093357,23.38967967],[68.60264146,23.35911977],[68.59611523,23.38185477],[68.60599923,23.38066125],[68.63714206,23.34642315],[68.65281034,23.30275285],[68.65883791,23.32278633],[68.6681391,23.32543755],[68.65883541,23.30348206],[68.70799673,23.31466484],[68.72394443,23.29690611],[68.73426366,23.30864811],[68.74804497,23.3068608],[68.75835812,23.33022678],[68.74818397,23.30373561],[68.7250421,23.29553437],[68.62967157,23.29488754],[68.64130962,23.26640916],[68.65685856,23.27197444],[68.67177474,23.26999104],[68.60471106,23.23926306],[68.61913824,23.22001958],[68.63622606,23.22388875],[68.62254083,23.23130584],[68.65478504,23.24411106],[68.65894628,23.23793674],[68.63043463,23.21309566],[68.60165274,23.21883345],[68.59901226,23.2400949],[68.58449471,23.22399843],[68.76031077,23.08001733],[69.19769466,22.83846498],[69.35565496,22.82855797],[69.47285306,22.77348506],[69.55511534,22.79208326],[69.60100305,22.75906157],[69.64127767,22.76649666],[69.6349858,22.77714896],[69.63363731,22.7952044],[69.70499384,22.72799003],[69.75246787,22.81936741],[69.7984122,22.85053086],[70.13159478,22.92413688],[70.13879645,22.94109011],[70.1002351,22.93815565],[70.09117377,22.95237994],[70.12643147,22.94666707],[70.11238468,22.97239435],[70.15341926,23.02943635],[70.12144434,22.96197355],[70.16223097,22.94262135],[70.22489882,22.95992076],[70.18630803,22.99303293],[70.22937322,22.96664453],[70.20777905,23.08857834],[70.21511674,23.09894311],[70.23711145,23.1146934],[70.25385571,23.13671875],[70.22126496,23.09171402],[70.25021017,23.09908116],[70.26814902,23.11738443],[70.30318952,23.13372028],[70.27626145,23.10299826],[70.3125,23.11607134],[70.33351433,23.11792195],[70.3375535,23.11597133],[70.37059343,23.15696871],[70.43993807,23.17256355],[70.45265782,23.1713984],[70.48997664,23.15325427],[70.50634491,23.17156637],[70.63449132,23.17164505],[70.56120276,23.16487002],[70.50650716,23.11025643],[70.47083771,23.01069725],[70.45388961,22.98456502],[70.43753433,22.97496414],[70.46673346,22.98619318],[70.49499476,23.01279604],[70.51673245,23.02448845],[70.53088915,23.02705026],[70.52692592,23.03721261],[70.55458045,23.03616142],[70.44351363,22.96075296],[70.49776995,22.93467593],[70.46183085,22.8515625],[70.46992552,22.89063513],[70.4564296,22.88485146],[70.44485021,22.88939858],[70.44611347,22.92716086],[70.43275344,22.92415977],[70.42327523,22.93211472],[70.41773832,22.92684352],[70.43080747,22.90581775],[70.43089104,22.90141118],[70.42255115,22.8865447],[70.41757774,22.92074156],[70.38478661,22.9093219],[70.30304766,22.7581501],[70.25309742,22.7331742],[70.25488293,22.70626748],[70.23852503,22.70135236],[70.25315106,22.69266677],[70.24318886,22.66280293],[70.16429734,22.55205631],[70.03992617,22.56285274],[70.02313292,22.53970504],[70.02645075,22.55059385],[70.0197829,22.54667044],[70.01060307,22.54848385],[70.00374722,22.54408824],[69.97580707,22.54265106],[69.94630647,22.52841103],[69.95902085,22.50892043],[69.95725632,22.49539983],[69.93501592,22.51237285],[69.91410625,22.45641327],[69.8715229,22.44671285],[69.83651173,22.45385051],[69.84318614,22.49423754],[69.83454335,22.50044835],[69.83310366,22.45187926],[69.82753825,22.45807946],[69.82088375,22.45203936],[69.80423474,22.45863295],[69.79737091,22.45700455],[69.82895243,22.44488335],[69.79730773,22.39980304],[69.75876606,22.44151771],[69.74598813,22.42927516],[69.72881424,22.47383285],[69.70329273,22.44699824],[69.67182148,22.45029044],[69.69771636,22.44279635],[69.69938731,22.39618683],[69.66422308,22.39360297],[69.65416706,22.3588469],[69.61787593,22.36791074],[69.61742115,22.34640348],[69.61437094,22.33813202],[69.60690415,22.32575262],[69.60900402,22.34904933],[69.58215976,22.34626734],[69.57562363,22.31892145],[69.57206786,22.33421683],[69.59128535,22.36055505],[69.56203735,22.35565186],[69.55077207,22.40475166],[69.49858904,22.43545592],[69.52366722,22.38605034],[69.48837745,22.33811665],[69.41909337,22.31559873],[69.33460891,22.33012736],[69.32125533,22.29221606],[69.23255753,22.25789964],[69.15812945,22.31297684],[69.17903948,22.37772381],[69.20431447,22.4021666],[69.1939913,22.42354655],[69.06920266,22.39585817],[69.04381704,22.43296444],[69.08549821,22.47223031],[69.06778514,22.47990716],[68.98483443,22.41430497],[68.93604207,22.31034172],[68.95769823,22.23743224],[69.05531955,22.12844586],[69.58771944,21.62096536],[69.60213971,21.63708663],[69.71055913,21.53946912],[69.72007322,21.54356444],[69.71550477,21.55367362],[69.72463167,21.57066202],[69.68636274,21.59573245],[69.63286686,21.64264345],[69.69648016,21.59296846],[69.71736813,21.60281885],[69.67590988,21.63860548],[69.72484446,21.63222527],[69.73761153,21.65031135],[69.76422977,21.57892191],[69.71251404,21.52943015],[69.77525973,21.45991194],[69.80516684,21.46396124],[69.77928054,21.45522475],[70.0984534,21.10588717],[70.32106853,20.92745745],[70.61460435,20.76996791],[70.80437148,20.70071232],[70.81633401,20.71902943],[70.82746434,20.69768596],[70.80728221,20.70046628],[70.82793415,20.68997061],[70.87409186,20.70492804],[70.85907245,20.75453734],[70.87519717,20.72657323],[70.91970086,20.74329114],[70.87413776,20.70921361],[70.97690892,20.70154536],[70.99774885,20.71554124],[70.96272385,20.72145176],[70.96296334,20.74143457],[70.99879301,20.74266183],[70.98704267,20.72185016],[71.07356501,20.73524153],[71.38384044,20.85673892],[71.37814546,20.87385428],[71.43946636,20.86919785],[71.51482236,20.92104602],[71.51327312,20.94679666],[71.60151148,21.00042307],[71.53025234,20.94305408],[71.71740591,21.02092636],[71.80669832,21.03800321],[71.80081534,21.06166315],[71.89970088,21.10927665],[71.97667766,21.12102485],[72.01110637,21.18579042],[72.00827062,21.13258982],[72.11378515,21.19644773],[72.07615364,21.30207157],[72.10919511,21.28311801],[72.22380614,21.43947136],[72.30595672,21.62857604],[72.24140847,21.78729451],[72.18303871,21.82398546],[72.24579346,21.79238105],[72.26482832,21.74039185],[72.25323307,21.89711511],[72.22019756,21.94770741],[72.19038606,21.93697143],[72.14738357,21.95483637],[72.14671874,21.98313105],[72.19089603,21.94257283],[72.22112966,21.95633125],[72.23115134,22.00680554],[72.21364987,21.99896026],[72.20108342,22.00411105],[72.18023038,22.01891983],[72.17241037,22.04136336],[72.20847452,22.01087761],[72.23281586,22.01770341],[72.23398316,22.05429423],[72.27810931,22.0802325],[72.26625454,22.10584152],[72.27713716,22.09085834],[72.29953432,22.10864615],[72.29778314,22.06306982],[72.24165165,22.04875922],[72.27841675,21.93210185],[72.3238039,22.13104618],[72.31044066,22.14578342],[72.31260157,22.18042004],[72.30023384,22.18593454],[72.29436505,22.20214117],[72.31726766,22.18174064],[72.31648994,22.14683843],[72.34226131,22.12462497],[72.35787666,22.19279885],[72.37637913,22.14986551],[72.39163125,22.16787684],[72.36255991,22.20461547],[72.35654175,22.27093065],[72.39982045,22.19938886],[72.41678107,22.22802722],[72.41380954,22.29702806],[72.37254715,22.31690824],[72.40429604,22.35218263],[72.36127436,22.37146115],[72.37652373,22.38503933],[72.41251242,22.35796714],[72.38894558,22.31030655],[72.43470335,22.30123937],[72.47082281,22.23843014],[72.49323714,22.24736607],[72.48732531,22.19728982],[72.52555156,22.26822364],[72.54290485,22.28094316],[72.54230165,22.24308038],[72.63528144,22.28451121],[72.68833327,22.23831081],[72.75570595,22.23077714],[72.84407997,22.28233635],[72.86526775,22.24346113],[72.89469755,22.24568093],[72.91004884,22.29890752],[72.91493344,22.30373812],[72.93437886,22.31076658],[72.94330144,22.30591094],[72.94793582,22.29866898],[72.95240712,22.25819492],[72.97907352,22.25396132],[73.06082642,22.31362855],[73.04573512,22.36311495],[73.04939365,22.37047923],[73.07095635,22.39228153],[73.06497252,22.42363405],[73.07375956,22.39986098],[73.06883955,22.38449275],[73.04754245,22.36338174],[73.06190372,22.31302381],[73.01189804,22.26734591],[72.97267401,22.24975038],[72.95203292,22.2545855],[72.93379867,22.30987966],[72.91084278,22.29672635],[72.90112591,22.23289847],[72.81125915,22.24671817],[72.75789034,22.17403316],[72.63944375,22.21785307],[72.56895053,22.18738937],[72.50738835,21.99392605],[72.50513983,21.90981221],[72.51629305,21.87454903],[72.57766986,21.88260317],[72.51662445,21.86256921],[72.52776217,21.84773755],[72.59352052,21.86051142],[72.60561371,21.90174317],[72.61019707,21.88467085],[72.50803292,21.70176876],[72.54328418,21.66035593],[72.73668134,21.68942285],[72.79484296,21.66164374],[72.86856174,21.68886554],[72.9795227,21.68027413],[73.06723177,21.74078631],[73.10416615,21.73211324],[73.13568521,21.75428665],[73.12833595,21.84794617],[73.14139247,21.86610115],[73.1545974,21.86188614],[73.2015115,21.82703805],[73.24040127,21.84063351],[73.21995175,21.90806365],[73.22300375,21.92030776],[73.23690104,21.93180585],[73.25066531,21.93682742],[73.26370513,21.93411374],[73.33611476,21.87564111],[73.34456384,21.91836035],[73.35631812,21.92927492],[73.37571597,21.92981732],[73.40795732,21.91162336],[73.43369305,21.92245781],[73.43897796,21.97468805],[73.45022213,21.98305082],[73.46409035,21.98443282],[73.50547302,21.96384215],[73.53120518,21.98024356],[73.54678822,21.97860515],[73.59306264,21.94749355],[73.5978775,21.93786693],[73.59245956,21.93099463],[73.60587943,21.89967728],[73.6789397,21.88470423],[73.69540966,21.86622786],[73.7014724,21.84988844],[73.67654073,21.88269293],[73.60459554,21.89637542],[73.59201992,21.92047107],[73.58893704,21.94487441],[73.54019976,21.97848606],[73.50826323,21.96149552],[73.44871175,21.98053873],[73.44402266,21.93926442],[73.43084121,21.91674817],[73.40762568,21.90851164],[73.35741937,21.92498851],[73.34809661,21.88002443],[73.33483911,21.87279797],[73.30075014,21.88721597],[73.27865314,21.90413404],[73.2608602,21.92914927],[73.24539053,21.93311775],[73.22358942,21.90624464],[73.24586451,21.84249055],[73.20148027,21.82089996],[73.13462496,21.84940958],[73.14908254,21.81456578],[73.17543757,21.796875],[73.17748821,21.78449965],[73.15952277,21.76332748],[73.10256815,21.71472085],[73.04851472,21.71190536],[72.98342073,21.67692578],[72.89210773,21.65939975],[72.86433661,21.66080105],[72.84250653,21.67125261],[72.72603953,21.6387006],[72.70144212,21.65173137],[72.62857342,21.61659503],[72.59757495,21.55203712],[72.62646651,21.49223196],[72.68332803,21.54280901],[72.74280047,21.54660356],[72.67484164,21.52104056],[72.64563715,21.43355381],[72.66972756,21.44670153],[72.68162894,21.44858587],[72.69034565,21.46316433],[72.69702578,21.464733],[72.58947504,21.29838526],[72.60980225,21.22993076],[72.65311885,21.22635817],[72.61866832,21.22222674],[72.62715995,21.07598674],[72.65873337,21.08748972],[72.65992284,21.13867176],[72.66738105,21.15521455],[72.68248427,21.15814996],[72.73056197,21.14097786],[72.74704123,21.15680885],[72.76375866,21.16329265],[72.77639556,21.17779446],[72.81415308,21.19415653],[72.79139948,21.23347986],[72.79333425,21.24176753],[72.81130433,21.25554931],[72.82061935,21.25735736],[72.85849166,21.22315264],[72.90970302,21.25377536],[72.86575115,21.22133446],[72.85944605,21.22213125],[72.85208404,21.22509253],[72.8213675,21.25464225],[72.81035018,21.25275326],[72.79264975,21.23400974],[72.81556427,21.19407511],[72.74433661,21.14307153],[72.72900867,21.13894367],[72.71525204,21.14001405],[72.70026505,21.10085511],[72.70654607,21.07347596],[72.75241268,21.06200016],[72.7734375,21.06947541],[72.79522562,21.06177735],[72.79891205,21.04300582],[72.77537262,21.06717694],[72.72333884,21.04880393],[72.77115893,20.91640592],[72.7734375,20.93722093],[72.82441151,20.95655167],[72.83661187,20.95711553],[72.84389615,20.95238638],[72.84728396,20.94569445],[72.86209345,20.94748235],[72.84317875,20.94159925],[72.83798635,20.94515407],[72.83448005,20.95526731],[72.8312633,20.95594335],[72.78585851,20.92708576],[72.82629764,20.81334567],[72.85079515,20.79842472],[72.83525527,20.78102005],[72.88114071,20.74190843],[72.89182925,20.75076091],[72.90838134,20.74522305],[72.91607976,20.75369215],[72.93432414,20.76287508],[72.90967631,20.74333394],[72.86991346,20.73232365],[72.85102487,20.74251366],[72.89758408,20.57480335],[72.88487196,20.49978375],[72.82943106,20.41536462],[72.85503948,20.4085021],[72.8817569,20.37124205],[72.88541996,20.34770918],[72.85479414,20.40612245],[72.83039641,20.40950811],[72.74076474,20.24362743],[72.74822831,20.20381963],[72.76302743,20.21484375],[72.70803285,20.0705533],[72.71663332,19.97273672],[72.75352275,19.94259346],[72.75555253,19.93880665],[72.75509775,19.92727113],[72.71305025,19.96954465],[72.66458857,19.93317521],[72.68135726,19.86513186],[72.65081477,19.83961785],[72.69559264,19.80465138],[72.69377244,19.73567867],[72.70696723,19.73231375],[72.71409237,19.75209451],[72.71947324,19.75483715],[72.70875251,19.72665668],[72.69396508,19.72752392],[72.73783696,19.59779477],[72.71276164,19.59544551],[72.71694863,19.54456425],[72.76497126,19.50424111],[72.77891207,19.52873886],[72.78305328,19.50516415],[72.82743847,19.51125777],[72.84851325,19.5404278],[72.89046586,19.52704394],[72.86494672,19.58355856],[72.85514474,19.63306844],[72.85762358,19.64241374],[72.86895096,19.57940304],[72.88863134,19.56068897],[72.89710498,19.53113115],[72.88064468,19.52014792],[72.84195125,19.52071011],[72.82236612,19.49087334],[72.77700257,19.49106085],[72.74527645,19.46358633],[72.76026261,19.37234175],[72.80789387,19.32563651],[72.84691381,19.34235477],[72.87703645,19.32771564],[72.90340602,19.29217041],[72.96326184,19.30432963],[72.98221517,19.29301524],[73.03064513,19.19995642],[73.06096304,19.20535386],[73.06683135,19.23367751],[73.08200657,19.24452043],[73.10981262,19.23549342],[73.10086095,19.26727021],[73.11297965,19.28037465],[73.12925196,19.28373075],[73.15107584,19.27027714],[73.1112256,19.27639961],[73.11285234,19.23373675],[73.07973635,19.23982584],[73.06521535,19.20438111],[73.02706254,19.19081914],[72.96749747,19.29384995],[72.89971924,19.28763056],[72.85230863,19.31857026],[72.78956044,19.30897987],[72.77820683,19.27882314],[72.78442526,19.19232082],[72.83922625,19.26740122],[72.78045595,19.16624486],[72.79393804,19.13013244],[72.79807246,19.15589821],[72.82971263,19.18193221],[72.80361593,19.14081955],[72.82678115,19.09404886],[72.81616247,19.04225945],[72.83834636,19.03513443],[72.81503403,19.0270437],[72.79219866,18.95049465],[72.82379794,18.93979812],[72.80776048,18.89105785],[72.84486103,18.92454803],[72.86239386,19.00272107],[72.90906835,18.99113226],[72.95562255,19.02798915],[72.96054685,19.06505477],[72.94115675,19.05836833],[72.92223155,19.07415175],[72.95842457,19.06895673],[72.98422718,19.18331456],[72.98149574,19.06411612],[73.00344276,19.00127602],[73.08010316,19.03176117],[73.07221007,19.02263856],[73.06008518,19.01880145],[73.07647932,19.00322855],[73.05939865,18.99501455],[73.03978646,19.00441957],[73.03256381,19.00119281],[73.03179741,18.99336863],[73.01225686,18.97752845],[72.97953105,18.96279967],[72.95591283,18.97389042],[72.98072135,18.94664574],[72.99933505,18.95337153],[73.00144052,18.9472599],[72.98150492,18.93644726],[72.94969165,18.96264994],[72.95720267,18.90808022],[72.9078809,18.89934254],[72.94313395,18.84574318],[73.00478184,18.88275874],[72.97975004,18.81719935],[73.01592517,18.80281484],[72.97598624,18.80394363],[73.00100887,18.78136992],[72.98782158,18.75020564],[73.02690697,18.70987725],[73.07019067,18.62809455],[72.98655236,18.74037588],[72.98345017,18.75366366],[72.99493301,18.78001106],[72.94335365,18.82761645],[72.91636801,18.79263115],[72.8692255,18.80406845],[72.85533381,18.69708943],[72.87078846,18.63953805],[72.88723886,18.64115346],[72.90170634,18.6328125],[72.88435876,18.63835335],[72.92475963,18.54507303],[72.96720564,18.54256988],[73.00938153,18.45703125],[73.02232337,18.4605571],[73.02537,18.47450471],[73.04039896,18.48445845],[73.05064774,18.48747265],[73.05539083,18.48630714],[73.06305242,18.47706842],[73.07898128,18.47347176],[73.09221625,18.46298432],[73.04217637,18.48395753],[73.02210093,18.45927668],[73.01077211,18.45514715],[73.00791061,18.45703125],[72.98610747,18.49646783],[72.97277594,18.50922823],[72.96727955,18.53580844],[72.90461647,18.53918755],[72.89464557,18.45703125],[72.92625976,18.38623595],[72.91755438,18.34852612],[73.02843261,18.26426971],[73.05455172,18.27066553],[73.04041433,18.29317522],[73.04124296,18.30225062],[73.05024517,18.30755115],[73.06806076,18.30471575],[73.08498275,18.32984185],[73.08794832,18.32652295],[73.08636403,18.28799856],[73.04306924,18.2983942],[73.08061194,18.23009205],[73.07550836,18.19982016],[73.05979371,18.19046676],[73.09070444,18.16906202],[73.0882982,18.15173924],[73.0554502,18.18840516],[73.06914318,18.22226715],[72.98178518,18.24197924],[72.96554816,18.27952385],[72.93540311,18.28125],[72.93164384,18.21944833],[72.98782527,18.19443893],[72.97262085,18.12458515],[73.00288725,18.07554662],[72.99393833,18.04998386],[73.01607764,18.03231835],[73.02513063,18.05007803],[73.04028475,18.05300283],[73.02932262,18.0277698],[73.00224924,18.02099955],[73.03753054,17.98409843],[73.08331442,17.99352062],[73.11223185,17.98145783],[73.13230288,18.01652384],[73.1701951,18.05818236],[73.20134294,18.07088912],[73.29941285,18.07721543],[73.31160045,18.06231117],[73.34635675,18.0871824],[73.34681535,18.09369135],[73.33429766,18.09885812],[73.33272886,18.10655677],[73.35354304,18.09104586],[73.34178364,18.08193815],[73.36329508,18.09005034],[73.38496983,18.08697212],[73.38986433,18.08507085],[73.39460182,18.08058214],[73.36181557,18.08786035],[73.3078804,18.05838335],[73.29860222,18.07413507],[73.17635727,18.05926001],[73.11871457,17.97860575],[73.04848194,17.98091793],[73.02860844,17.94905746],[73.09236944,17.94043076],[73.05256975,17.92879534],[73.05068064,17.90650618],[73.07659447,17.89638507],[73.09048104,17.84376526],[73.09667146,17.8453449],[73.10204518,17.84439564],[73.09686172,17.84372663],[73.125,17.83677447],[73.12875831,17.83464253],[73.13255894,17.82980394],[73.08757973,17.83832288],[73.13514972,17.71584368],[73.1139518,17.68965185],[73.14504921,17.60047555],[73.16754651,17.58223414],[73.21549225,17.59200776],[73.23834884,17.57295871],[73.26833606,17.60069394],[73.28882265,17.60661316],[73.34275711,17.57079947],[73.39942694,17.58590722],[73.43356252,17.58358777],[73.40117156,17.61695874],[73.4765625,17.56975436],[73.34326255,17.56687546],[73.29090941,17.60372007],[73.24270165,17.56744862],[73.20481455,17.5867424],[73.13737297,17.55681062],[73.18395591,17.50554025],[73.18613517,17.4418596],[73.20570076,17.43868816],[73.16717935,17.40534186],[73.21642578,17.37057877],[73.23501396,17.29278147],[73.29464853,17.29411066],[73.29794991,17.27231443],[73.33419836,17.26625955],[73.34047115,17.25777352],[73.33917415,17.23235285],[73.36625075,17.23824263],[73.37488735,17.21515131],[73.43281865,17.22790301],[73.42411315,17.20857465],[73.46848416,17.19447243],[73.4785974,17.16517675],[73.46679485,17.19331431],[73.37547934,17.21196854],[73.36230445,17.23595715],[73.33867466,17.22844064],[73.33245564,17.26459825],[73.29407263,17.26147461],[73.2904191,17.28784573],[73.25983036,17.28812695],[73.25835431,17.26480687],[73.19161785,17.30476487],[73.29817188,17.07783985],[73.27866077,17.04033685],[73.28986442,17.04736257],[73.32001626,17.0377866],[73.28465855,17.03988898],[73.29311025,17.02216327],[73.28876376,17.00673366],[73.28994048,17.0215342],[73.25646007,17.04780471],[73.25740767,17.01973867],[73.28426027,17.01069951],[73.26857853,16.9905014],[73.30417633,16.98372078],[73.31755674,16.96054625],[73.33234561,16.97579467],[73.34450817,16.97504103],[73.33310986,16.97501862],[73.32317185,16.95876181],[73.31134045,16.95822883],[73.29496872,16.98063087],[73.27718115,16.8930186],[73.29544437,16.89760101],[73.31331146,16.88932776],[73.28610313,16.88072944],[73.29559541,16.81656754],[73.33110356,16.81929421],[73.36336303,16.74706554],[73.32644057,16.81279898],[73.30529594,16.76688063],[73.31740117,16.69851983],[73.3398391,16.68514216],[73.32283163,16.63890314],[73.33356488,16.61922336],[73.36832047,16.63782084],[73.38765693,16.63290465],[73.39519775,16.61791885],[73.38509715,16.60103261],[73.43615651,16.59454513],[73.39794457,16.5909965],[73.38053834,16.60316253],[73.36761212,16.63006055],[73.34058857,16.60627735],[73.35196435,16.59484184],[73.3203603,16.6067059],[73.32260764,16.58336246],[73.3939079,16.55395973],[73.34608614,16.55629873],[73.38541794,16.5138849],[73.42159951,16.5158745],[73.46678925,16.49444914],[73.49526358,16.52030635],[73.52263665,16.52512705],[73.52993631,16.52258944],[73.53437912,16.51781094],[73.46709132,16.49305236],[73.45132554,16.49409342],[73.41680396,16.51324916],[73.36704075,16.51298344],[73.35014725,16.50462711],[73.36329305,16.47962976],[73.36903656,16.49114835],[73.38731873,16.49377155],[73.36556447,16.47496307],[73.34923875,16.50471461],[73.36403286,16.51577568],[73.33353746,16.5621351],[73.31650555,16.51345742],[73.36492217,16.43932021],[73.36617255,16.39723384],[73.41354847,16.41320741],[73.45927918,16.41382503],[73.36671841,16.37780786],[73.41184723,16.36014652],[73.38874435,16.36114121],[73.38571572,16.33671606],[73.41077316,16.2777878],[73.41718137,16.29201555],[73.43573475,16.28642464],[73.41137648,16.27297401],[73.43014944,16.19887185],[73.44746566,16.22423696],[73.46099842,16.09729397],[73.45863736,16.13525104],[73.46527004,16.15379512],[73.48999321,16.17970192],[73.53669167,16.19172537],[73.46553743,16.14465225],[73.46922565,16.13356745],[73.46386445,16.12509215],[73.4688549,16.09565127],[73.45719123,16.08096087],[73.46788394,16.07002735],[73.45515037,16.05513692],[73.48320878,16.03584576],[73.49167538,15.98200452],[73.50263357,15.96862781],[73.49186671,15.98813331],[73.49169004,16.00209332],[73.49475682,16.00725043],[73.49913013,16.01033783],[73.51594663,16.01652777],[73.58760631,16.02257085],[73.60788393,16.00933313],[73.62652445,16.02175713],[73.60913873,16.00808764],[73.50115645,16.00591934],[73.51026142,15.93701816],[73.59054625,15.91229224],[73.63703442,15.81484664],[73.65281177,15.79430187],[73.66329336,15.80744576],[73.67484236,15.75323415],[73.64840281,15.74580204],[73.68332207,15.72012246],[73.74164963,15.73697615],[73.76145434,15.73435914],[73.68967152,15.7169131],[73.73617995,15.61411834],[73.77739406,15.65398085],[73.82304001,15.65534794],[73.83893216,15.64834976],[73.84011066,15.66498745],[73.85917556,15.67738652],[73.83981955,15.64628208],[73.77842617,15.64961708],[73.73110712,15.60789955],[73.76438522,15.49514127],[73.86730194,15.51095235],[73.89831316,15.54481006],[73.90817046,15.54940081],[73.91167176,15.5491786],[73.9282099,15.53772295],[73.94932282,15.55025876],[74.01838696,15.49759495],[74.02861512,15.48071313],[73.9495753,15.54906142],[73.91600585,15.50814867],[73.88995254,15.5],[73.82131445,15.50063431],[73.78711402,15.46328962],[73.89673424,15.41497743],[73.91455448,15.41372335],[73.93086672,15.43504906],[73.94251394,15.43825245],[73.92399275,15.41204047],[73.96029425,15.41201222],[73.95885181,15.37428463],[73.98135996,15.37359035],[74.01492774,15.33887994],[74.01216841,15.30561936],[74.03874004,15.30743885],[74.07059038,15.29433668],[74.01232624,15.30304813],[73.99457634,15.32508898],[74.00460255,15.34757245],[73.97895217,15.35056353],[73.95774794,15.37249196],[73.94763815,15.40167093],[73.80983436,15.40098691],[73.78300273,15.41292083],[73.83781958,15.36219227],[73.87549353,15.36793864],[73.94961095,15.14385295],[73.94554281,15.17113423],[73.96622777,15.18213356],[73.95402014,15.14012682],[73.91196156,15.08413124],[73.96691406,15.06549525],[73.98913455,15.02018905],[74.04989266,14.98817432],[74.04301322,14.91834283],[74.098544,14.89463353],[74.11690772,14.84377944],[74.19874501,14.87982702],[74.24568474,14.87222981],[74.25089705,14.87927282],[74.24562454,14.88995004],[74.25106764,14.90007472],[74.28493094,14.89355898],[74.32122505,14.90683746],[74.33501744,14.90435255],[74.2913382,14.89071524],[74.25140035,14.89614332],[74.25325763,14.87795281],[74.24129903,14.86524403],[74.22684181,14.86007357],[74.20316434,14.87360823],[74.14183414,14.83483267],[74.12735164,14.83960176],[74.11352205,14.79691494],[74.09286344,14.80322611],[74.14295566,14.77681744],[74.15324867,14.7459985],[74.16714132,14.76615512],[74.20535803,14.71806085],[74.20692265,14.73727655],[74.24981916,14.73923898],[74.2917304,14.60178018],[74.32925475,14.61126018],[74.38774705,14.59880221],[74.39759254,14.6126641],[74.42761517,14.6326313],[74.39000833,14.59641457],[74.29107797,14.59742415],[74.30966616,14.52079654],[74.35587001,14.52206695],[74.33580065,14.5648669],[74.35411394,14.54277778],[74.37647498,14.57308733],[74.38901436,14.5056777],[74.43423951,14.47371197],[74.43698835,14.45534325],[74.43399596,14.44419587],[74.45154822,14.45211101],[74.45658433,14.44907927],[74.4315629,14.44357908],[74.42072833,14.48055553],[74.389292,14.47348344],[74.38172126,14.48116708],[74.37875605,14.49678624],[74.36918604,14.50156665],[74.37522805,14.52438402],[74.36076474,14.51969898],[74.44038844,14.27572382],[74.47353542,14.27904797],[74.45866621,14.27367735],[74.46239388,14.26787937],[74.47869813,14.2648586],[74.48951912,14.26000702],[74.52910161,14.23543012],[74.55372834,14.23942721],[74.57526708,14.23828125],[74.58231366,14.23108983],[74.61439371,14.23828125],[74.58365095,14.22913945],[74.52712512,14.23326886],[74.44017231,14.26173115],[74.4245398,14.29638731],[74.51474261,13.98626864],[74.56973934,13.94676256],[74.63312864,13.84929335],[74.60670626,13.86597514],[74.65113902,13.66641414],[74.67109871,13.63923955],[74.66986787,13.6635009],[74.68549955,13.69435322],[74.66807616,13.71593034],[74.68617356,13.69714701],[74.68731284,13.68815005],[74.70336676,13.69388783],[74.71116435,13.69231546],[74.6811223,13.67848194],[74.68378496,13.65063965],[74.70034528,13.65311837],[74.71771348,13.64272988],[74.72255695,13.63495493],[74.74566782,13.64234245],[74.75559282,13.64047205],[74.72463214,13.63334131],[74.70796466,13.63781846],[74.70408654,13.61952245],[74.68852413,13.63926911],[74.67832065,13.60527277],[74.66782665,13.62831271],[74.69090664,13.45937765],[74.70889151,13.43730962],[74.71605194,13.44031203],[74.71554184,13.45777607],[74.71892965,13.46282876],[74.72387695,13.46594596],[74.74796522,13.45718646],[74.71866715,13.46108735],[74.71904624,13.43960905],[74.70422936,13.42626596],[74.74063444,13.40654135],[74.76021588,13.38239205],[74.69843495,13.41425443],[74.69380987,13.44664884],[74.69529676,13.34769547],[74.71115851,13.34164917],[74.73592293,13.28976548],[74.72903645,13.27706015],[74.72462153,13.27897072],[74.72184265,13.28432155],[74.71975124,13.3047899],[74.71316135,13.33043635],[74.70521808,13.34110284],[74.69055593,13.34870577],[74.77364492,13.08315825],[74.77865183,13.09913754],[74.78303003,13.10081005],[74.78974688,13.09848774],[74.7841078,13.05898356],[74.77460516,13.07772803],[74.80244458,12.93141818],[74.8209517,12.92876542],[74.80717576,12.91957617],[74.82117236,12.85244155],[74.8143506,12.90836477],[74.83642316,12.94420636],[74.85348976,12.9505372],[74.88914657,12.94126856],[74.84614837,12.94762003],[74.81856275,12.91336346],[74.84087527,12.84383762],[74.90914166,12.86497152],[74.93745136,12.85884416],[74.94813132,12.87128794],[74.95867932,12.87082756],[74.9659909,12.85611928],[74.9766103,12.86408842],[74.98714411,12.86170673],[74.96302795,12.85470462],[74.95024383,12.86994791],[74.93814385,12.85793054],[74.89898944,12.85347164],[74.87411797,12.83460104],[74.82874727,12.84268463],[75.12021351,12.20329821],[75.11599326,12.22253692],[75.11921442,12.23093057],[75.16629946,12.25639367],[75.11830783,12.22453666],[75.12932742,12.21137464],[75.16318536,12.13645506],[75.16178775,12.11878145],[75.17134357,12.11478615],[75.18179357,12.09531236],[75.19157255,12.10170424],[75.1870054,12.12890625],[75.19207501,12.13230836],[75.19718897,12.11677074],[75.19288898,12.10098302],[75.17280972,12.08585274],[75.18890905,12.09100115],[75.22023857,12.06970334],[75.17909026,12.08109868],[75.20049584,12.00746608],[75.23163736,12.02382576],[75.2952522,11.94214046],[75.30486155,11.94904804],[75.26517713,11.99867964],[75.26499236,12.01661825],[75.27112246,12.02448654],[75.29592621,12.0152235],[75.29263532,12.02777624],[75.30777383,12.0465517],[75.30722523,12.03153133],[75.31479335,12.04408395],[75.33903778,12.04558611],[75.29943645,12.01329231],[75.33160985,12.0113883],[75.33366275,12.00717676],[75.26548517,12.00711656],[75.27881408,11.99923754],[75.30792081,11.94933772],[75.30495965,11.96884274],[75.35713935,11.93121064],[75.41132665,12.01586556],[75.44307983,12.02247608],[75.47078347,12.00206423],[75.41238892,12.01103926],[75.40482414,11.97423935],[75.37367725,11.94452035],[75.39922881,11.91265583],[75.37223995,11.93842638],[75.35866415,11.92728984],[75.29716206,11.93910241],[75.45433211,11.77859223],[75.4597553,11.80720401],[75.45966887,11.76564205],[75.48655665,11.79169345],[75.47510076,11.79943526],[75.47473586,11.80333447],[75.49998927,11.79784334],[75.47193205,11.76942575],[75.48794615,11.76624584],[75.49262691,11.75804675],[75.50727725,11.76445627],[75.50753343,11.76146555],[75.49127281,11.75643623],[75.47234333,11.76336384],[75.56077313,11.69687462],[75.52994275,11.70236576],[75.58831942,11.56905663],[75.58579504,11.58621645],[75.62004972,11.56510985],[75.64141488,11.53483665],[75.59317732,11.56863093],[75.59933722,11.54404712],[75.5903759,11.56860304],[75.61785698,11.47641242],[75.68166184,11.44920492],[75.73296583,11.35302818],[75.74906266,11.41929114],[75.72497714,11.42834866],[75.72887206,11.44863164],[75.75306225,11.42891645],[75.73398972,11.33465815],[75.8024497,11.16238666],[75.84043157,11.21053505],[75.85506094,11.21013033],[75.86346054,11.20571446],[75.87689543,11.22376812],[75.89597905,11.23065364],[75.90039468,11.24369705],[75.95235741,11.24985695],[75.90103507,11.24109685],[75.89724004,11.22938645],[75.87926531,11.22304523],[75.87109423,11.20482111],[75.84316874,11.20545995],[75.81253195,11.16197872],[75.82812786,11.15824318],[75.80171216,11.15890384],[75.82502556,11.12539256],[75.84614193,11.14361703],[75.85123527,11.14384091],[75.85812211,11.13857281],[75.86177266,11.12932205],[75.84806657,11.14250255],[75.83568156,11.12642133],[75.82530534,11.12292457],[75.91015971,10.79292297],[75.90412605,10.84106135],[75.91368616,10.79297125],[75.96403396,10.81979167],[75.94675124,10.79634643],[75.91325974,10.785923],[75.93585777,10.73144674],[75.93882024,10.75938296],[75.94287384,10.76203752],[75.9375,10.72767854],[76.02334511,10.53605628],[76.03956366,10.50979257],[76.03110755,10.52785444],[76.03247333,10.53731096],[76.04838085,10.53544295],[76.03660154,10.5671494],[76.04177344,10.57545233],[76.06779957,10.54402637],[76.05334425,10.53684294],[76.06263781,10.53383994],[76.07394505,10.51287174],[76.07616425,10.50477505],[76.09233212,10.50942242],[76.10809731,10.50295091],[76.08478165,10.50403583],[76.09422684,10.4744848],[76.09309268,10.46272302],[76.05969334,10.53392816],[76.03471363,10.52958131],[76.16335881,10.18215764],[76.19743741,10.20008516],[76.21137846,10.1953125],[76.21433616,10.20191181],[76.22112822,10.20559597],[76.18372822,10.26544404],[76.19232738,10.26992035],[76.21629691,10.21455884],[76.22302854,10.24425125],[76.23449707,10.22994626],[76.24412131,10.25099528],[76.25627077,10.25295222],[76.23369658,10.20269692],[76.21466875,10.19966722],[76.22421765,10.18708313],[76.24384987,10.17937374],[76.29351556,10.13829565],[76.31528711,10.15046227],[76.32378864,10.15283871],[76.32949543,10.15175617],[76.36174214,10.11376834],[76.39040315,10.12497055],[76.45147467,10.12167931],[76.45607162,10.13312137],[76.43018794,10.14443135],[76.43144143,10.15564871],[76.47105372,10.18296874],[76.51438713,10.19184482],[76.43450952,10.15496743],[76.45772076,10.13408518],[76.45036697,10.11936152],[76.39014888,10.12213755],[76.37139165,10.11101246],[76.35010612,10.11386621],[76.34403133,10.09197557],[76.33128452,10.08116472],[76.31170952,10.0757966],[76.30438948,10.07580245],[76.30068994,10.07777047],[76.29379904,10.0943346],[76.28527367,10.09448361],[76.28672111,10.08178854],[76.2806884,10.04801321],[76.26898766,10.04112601],[76.28711355,10.02637124],[76.26675367,10.02906632],[76.27621055,10.00198817],[76.27030635,9.98918962],[76.30419707,9.92544174],[76.30052614,9.93682706],[76.30425835,9.93616545],[76.30509305,9.94525492],[76.31167662,9.94813704],[76.31892705,9.88871336],[76.33542323,9.88402987],[76.32934725,9.90291023],[76.34329045,9.88514638],[76.32396913,9.91447127],[76.34022546,9.91930366],[76.37734425,9.86440015],[76.39502776,9.81821191],[76.38161051,9.82677507],[76.36807406,9.79076052],[76.39034736,9.74650848],[76.38286257,9.70353186],[76.41397083,9.69630051],[76.40273166,9.64765501],[76.42138803,9.65012753],[76.43012285,9.61085045],[76.41609037,9.56596661],[76.50212085,9.53087676],[76.48039973,9.51115322],[76.47899032,9.52877212],[76.44194138,9.51120496],[76.38333964,9.52617228],[76.3829571,9.50638461],[76.35737276,9.52541184],[76.36730647,9.61086953],[76.39800203,9.67528582],[76.36110902,9.69998658],[76.35990143,9.79806948],[76.37079167,9.81998694],[76.34925961,9.82784975],[76.32076824,9.87088406],[76.31852448,9.84375],[76.33623052,9.80905545],[76.34777975,9.71184373],[76.32193446,9.80764317],[76.31689274,9.8456943],[76.31943965,9.87598002],[76.29579496,9.88969731],[76.3027513,9.84728634],[76.28483832,9.83278418],[76.28742278,9.89854884],[76.26985216,9.86623168],[76.25761735,9.91559696],[76.26568246,9.89676321],[76.26651382,9.9123733],[76.29652298,9.89293885],[76.2953757,9.91809201],[76.26581216,9.93439186],[76.25320935,9.96957564],[76.23693824,9.96267056],[76.35227466,9.37751317],[76.46166825,9.13952816],[76.42284393,9.24564254],[76.47101665,9.14231014],[76.47605574,9.16648424],[76.49054015,9.17009783],[76.48393595,9.12672377],[76.4636358,9.13421571],[76.53546941,8.93565714],[76.55355585,8.94675434],[76.53424156,8.96010053],[76.56773186,8.98581111],[76.55719018,8.94897425],[76.58558094,8.99451697],[76.60693955,8.98840404],[76.60856485,8.95345163],[76.59836376,8.97365534],[76.57033753,8.92902732],[76.58980334,8.94418287],[76.60085535,8.93743372],[76.56618857,8.92089522],[76.57994175,8.90404427],[76.61883986,8.93121123],[76.61482024,8.90773606],[76.5715667,8.89663506],[76.55366755,8.94131374],[76.53534067,8.93286335],[76.54633915,8.90282548],[76.64051056,8.82560146],[76.97498596,8.38517988],[77.31631577,8.12081897],[77.55123186,8.07664335],[77.5760411,8.13557255],[77.74619246,8.17692626],[77.80399585,8.24770272],[78.06705368,8.37063766],[78.04975545,8.38060832],[78.06554258,8.42009175],[78.13035381,8.49708164],[78.13867462,8.58899093],[78.12795496,8.63831234],[78.12259138,8.59835947],[78.11097598,8.61216044],[78.10200107,8.59268785],[78.11292052,8.58578742],[78.12885165,8.6020596],[78.13598144,8.59255934],[78.11461973,8.57981658],[78.09662974,8.58130825],[78.10510123,8.65141034],[78.11658776,8.66113043],[78.12263525,8.66213584],[78.12787163,8.65084624],[78.1665591,8.74151111],[78.19428635,8.75247133],[78.2163738,8.742522],[78.22336495,8.74592864],[78.19818556,8.76307881],[78.23030531,8.74902225],[78.1988157,8.78863561],[78.1911422,8.76552725],[78.15779364,8.77104235],[78.16917515,8.88243926],[78.26104367,9.01868522],[78.28848827,9.01575816],[78.36582196,9.09218967],[78.48098075,9.12710106],[78.48915148,9.15019405],[78.48909605,9.13325846],[78.48445737,9.12784696],[78.57810962,9.13120782],[78.65703404,9.15783584],[78.65720344,9.19167936],[78.7182523,9.19007194],[78.83230805,9.24325597],[78.82891655,9.25450122],[78.83268213,9.26888835],[78.8345319,9.24503255],[79.19056582,9.28162992],[79.06559086,9.29941571],[79.00099564,9.34501636],[78.99670303,9.34059465],[79.00238407,9.33311582],[79.00169027,9.32921696],[78.9992938,9.32757676],[78.98749042,9.32731736],[78.96667683,9.33585131],[79.0016855,9.33075786],[78.89822006,9.48867404],[78.98177385,9.69030583],[79.12183511,9.85473585],[79.15533185,9.93221354],[79.2672888,10.03830564],[79.22869182,10.09196556],[79.22901285,10.14360535],[79.29488635,10.26035643],[79.38578534,10.31659865],[79.51209795,10.30903864],[79.45713031,10.32034254],[79.48658013,10.3260324],[79.45518744,10.33635592],[79.45609927,10.34204245],[79.52390802,10.318295],[79.54574513,10.34786677],[79.58729696,10.32938302],[79.52623642,10.3056612],[79.67419732,10.28100038],[79.73916364,10.27750516],[79.68292797,10.29011881],[79.67357194,10.30115235],[79.66256344,10.28915024],[79.55573666,10.30834424],[79.55125546,10.31235802],[79.61356103,10.31741655],[79.61051905,10.34124827],[79.62995124,10.3629204],[79.63646293,10.31821954],[79.71016431,10.32499492],[79.73056853,10.31104612],[79.75734568,10.31358612],[79.77828825,10.30241215],[79.75712216,10.31198525],[79.78498077,10.28104544],[79.74329245,10.27514374],[79.83538032,10.27541995],[79.88297665,10.30235362],[79.85145235,10.82606971],[79.83192813,10.81897235],[79.82394612,10.81763911],[79.85286212,10.83747804],[79.85581064,11.1816684],[79.84763241,11.24265075],[79.84564471,11.23228884],[79.83956146,11.2289288],[79.83377135,11.23407125],[79.81420743,11.23046374],[79.8046875,11.23604906],[79.84641194,11.24412835],[79.83789694,11.35609925],[79.78998268,11.36785388],[79.77150214,11.38384426],[79.75835955,11.36103094],[79.75489688,11.35846186],[79.74367464,11.35781908],[79.74344778,11.34802318],[79.73939204,11.34182322],[79.73021722,11.33768415],[79.71348405,11.34054518],[79.76589143,11.39038146],[79.82740188,11.36286998],[79.77975166,11.50018024],[79.72706616,11.44702888],[79.69205642,11.44630504],[79.72697496,11.44897151],[79.77304125,11.49773335],[79.7568711,11.61718166],[79.77419794,11.69626868],[79.7532444,11.66120315],[79.75201082,11.66475916],[79.81958294,11.86885965],[79.78957331,11.87815177],[79.82377064,11.88204944],[79.88288283,12.06073511],[80.00719345,12.25430214],[79.94486594,12.22020757],[80.01115727,12.27258205],[80.00941205,12.25648534],[80.02101994,12.28194845],[80.05010402,12.32463968],[80.04035783,12.31359124],[80.05807245,12.34617138],[80.06335282,12.35117865],[80.01375937,12.32278192],[80.01730895,12.34022856],[80.05789948,12.36713767],[80.06419873,12.34999788],[80.05102384,12.32626283],[80.15561354,12.46577954],[80.18477964,12.57495761],[80.16167223,12.58537722],[80.16529453,12.60392034],[80.18160546,12.60942924],[80.18563712,12.57789361],[80.25462008,12.78201115],[80.24678004,12.80256045],[80.23220146,12.78472757],[80.23291278,12.84612155],[80.24796104,12.80507827],[80.26705766,13.01272297],[80.33388245,13.23479736],[80.30642974,13.21500993],[80.31401324,13.24632895],[80.33395076,13.23951757],[80.34696567,13.31199455],[80.32558131,13.44357645],[80.32609212,13.42955685],[80.31951535,13.42370105],[80.33114064,13.39095533],[80.33159161,13.37636721],[80.32720685,13.36984694],[80.32899952,13.36640036],[80.32453716,13.37016141],[80.33032346,13.38446665],[80.31649518,13.42785025],[80.27813268,13.43543065],[80.26856923,13.41728854],[80.26213765,13.47291934],[80.11567402,13.50756323],[80.05126035,13.58881354],[80.09509551,13.64751935],[80.07940173,13.65568972],[80.12113202,13.67796028],[80.10898221,13.64212811],[80.13850665,13.61293244],[80.13018036,13.72335601],[80.14729273,13.72408855],[80.14217246,13.70437765],[80.26432216,13.56089461],[80.29306245,13.44710314],[80.31499827,13.43363345],[80.23606336,13.64171481],[80.24486375,13.81888103],[80.14072072,14.06973541],[80.12880921,14.06395805],[80.12615406,14.06438601],[80.11470723,14.07638276],[80.11450374,14.06431437],[80.09854734,14.05129266],[80.10558152,14.04260647],[80.09751391,14.02056575],[80.06323564,14.00028765],[80.04429233,13.99723935],[80.01670504,14.01057315],[79.91077447,13.94348705],[79.89559555,13.94710505],[79.89473963,13.92148054],[79.8736428,13.88908613],[79.78903365,13.83119404],[79.76483536,13.83330667],[79.78931713,13.83443105],[79.83457744,13.88369071],[79.86785281,13.89123511],[79.89244401,13.94871795],[80.01339471,14.01138103],[80.06068695,14.00243688],[80.09615457,14.02283013],[80.09235835,14.03397393],[80.10335755,14.04059696],[80.09781265,14.05067897],[80.11266053,14.07679546],[80.13861215,14.07284176],[80.12235057,14.11533451],[80.13462424,14.24178004],[80.11255622,14.25163364],[80.1090337,14.24073172],[80.09778762,14.23116624],[80.06312597,14.22849131],[80.05234694,14.21002424],[80.03741264,14.20951676],[80.04387856,14.19812024],[80.03521848,14.20671368],[80.03638184,14.21104825],[80.05107903,14.21163666],[80.06164873,14.2301532],[80.08990002,14.23413396],[80.09958625,14.25568521],[80.13733304,14.25234532],[80.17003775,14.36067474],[80.17246532,14.53474915],[80.18388343,14.53666735],[80.19917917,14.58689404],[80.19350612,14.59922504],[80.19023633,14.60040796],[80.19694233,14.58274746],[80.18670022,14.57326865],[80.16659033,14.56783128],[80.14046121,14.57025921],[80.13576341,14.56598365],[80.13567483,14.56916165],[80.14374554,14.57252955],[80.16993701,14.57070684],[80.18866634,14.59855342],[80.16656315,14.62151515],[80.14497161,14.69881761],[80.13538134,14.71873188],[80.14023948,14.70315504],[80.13401115,14.69222593],[80.12972105,14.69213343],[80.09325886,14.80978715],[80.08215845,14.80763912],[80.05943894,14.81984556],[80.08897805,14.8117007],[80.04792142,15.07742751],[80.08130932,15.18544912],[80.06123626,15.19040823],[80.04629874,15.209167],[80.08277535,15.19321167],[80.09918582,15.30947196],[80.08020031,15.31565332],[80.09923995,15.31547284],[80.20776665,15.47980535],[80.20059001,15.49778378],[80.22511017,15.53312635],[80.20767391,15.54049575],[80.19317412,15.55098534],[80.22502375,15.53757525],[80.270473,15.67285144],[80.33982503,15.74714983],[80.53773201,15.85485303],[80.68684137,15.88263202],[80.77354014,15.86599672],[80.79057372,15.85680735],[80.80974364,15.83680904],[80.79412711,15.80968463],[80.82850826,15.74497771],[80.90079427,15.94087303],[80.89165795,15.95518613],[80.87541604,16.02636647],[80.88555562,16.00930905],[80.88280475,16.01647675],[80.88150287,16.02955771],[80.88877022,16.05797625],[80.87014711,16.09028316],[80.87211883,16.10170114],[80.86678362,16.10804534],[80.86862814,16.11330557],[80.86029232,16.12451935],[80.8620671,16.13632453],[80.84549522,16.13677585],[80.83786154,16.14749753],[80.81902254,16.26157272],[80.80056775,16.26900792],[80.79158962,16.27776325],[80.79246724,16.28469336],[80.76923275,16.29224765],[80.76139557,16.31485188],[80.74600625,16.31829667],[80.75206304,16.33102834],[80.72798204,16.3450917],[80.71126413,16.3793447],[80.71425235,16.39777708],[80.68409264,16.42365766],[80.67119575,16.46229637],[80.63132513,16.47424865],[80.60682571,16.50136507],[80.56707001,16.50877917],[80.54796696,16.52600861],[80.53369451,16.55060267],[80.52534604,16.55533695],[80.52849877,16.55919075],[80.51333761,16.5674144],[80.48514891,16.56145644],[80.41299427,16.577268],[80.40244401,16.56131923],[80.32179344,16.59256828],[80.24784076,16.58596742],[80.20467663,16.60152066],[80.1378442,16.65153873],[80.11498046,16.81944537],[80.07240045,16.81261563],[80.05580115,16.74313521],[80.03334415,16.71400785],[79.99793041,16.69921875],[80.05377364,16.74483216],[80.07051075,16.81693196],[80.09895337,16.82452011],[80.12271905,16.81791067],[80.15257871,16.69127011],[80.13850546,16.65641105],[80.20872355,16.60298264],[80.26850331,16.59957898],[80.25514841,16.61170661],[80.23605502,16.61294484],[80.22096097,16.61881173],[80.20625281,16.63054335],[80.34534597,16.58489275],[80.40988326,16.59092951],[80.4492712,16.57452023],[80.43422341,16.59285581],[80.46649766,16.57206225],[80.5048511,16.58714092],[80.67701066,16.45937252],[80.71749413,16.39942563],[80.73069596,16.34498322],[80.74534452,16.34366906],[80.75532711,16.32873476],[80.75040853,16.31777465],[80.76247728,16.31554651],[80.82581067,16.25584006],[80.84145117,16.14632106],[80.8646785,16.13699055],[80.88282967,16.11676526],[80.89937162,16.05920994],[80.89227486,16.00671196],[80.90038431,16.00773335],[80.91010535,15.98504806],[80.91332757,15.96024001],[80.91416705,15.92396534],[80.89389312,15.85700333],[80.8993448,15.83494675],[80.96374178,15.80223596],[81.00156164,15.76733327],[81.01122773,15.76870131],[80.99298596,15.8203125],[81.12836826,15.96347785],[81.1244657,15.99148297],[81.06588316,16.00230706],[81.06266606,16.00908124],[81.07174861,16.05250943],[81.0458976,16.05722845],[81.01590312,16.08914924],[81.00049508,16.08390975],[81.00564837,16.05849564],[81.00293851,16.05098081],[80.99535584,16.04504013],[80.92746925,16.03243935],[80.91593456,16.03529251],[80.90946138,16.04143095],[80.99104524,16.04510415],[80.99885285,16.08932281],[81.01673484,16.09118974],[81.07243013,16.05705762],[81.06724966,16.0043838],[81.11864281,16.00248146],[81.14563405,15.97397006],[81.14119375,16.01826763],[81.20206893,16.14246166],[81.19562352,16.14099085],[81.18273115,16.14304745],[81.20244741,16.14560771],[81.26542234,16.28081346],[81.39243805,16.34196484],[81.37958872,16.35946655],[81.34577918,16.33079827],[81.36949205,16.36189294],[81.38280845,16.36119497],[81.39912832,16.34398293],[81.48476636,16.35286951],[81.47552526,16.39462078],[81.48380733,16.38949895],[81.49426651,16.37156606],[81.52273405,16.38331974],[81.54753554,16.37998414],[81.55283725,16.37593377],[81.56121516,16.34545422],[81.71556675,16.31959105],[81.69745636,16.41141927],[81.71048391,16.44350243],[81.72252333,16.44639862],[81.75369,16.42098057],[81.79818594,16.47597706],[81.81949532,16.48833001],[81.84578955,16.49552047],[81.84509885,16.53108644],[81.85680378,16.54368556],[81.84328318,16.64691913],[81.79359746,16.70108771],[81.7919805,16.74202788],[81.74693894,16.79218793],[81.75638473,16.83867002],[81.72669518,16.91683412],[81.74214077,17.00895536],[81.73018885,17.02363312],[81.72079396,17.05662227],[81.69360614,17.08906806],[81.70367396,17.10342348],[81.67735362,17.10953283],[81.64017618,17.20672214],[81.63822055,17.22779202],[81.65803087,17.27329802],[81.65681314,17.29984427],[81.61106956,17.33327043],[81.60201478,17.37031901],[81.61256981,17.40472352],[81.58416545,17.40559757],[81.56329012,17.43836367],[81.54105151,17.43551743],[81.52641153,17.44169736],[81.49880624,17.47984827],[81.47544444,17.46560574],[81.43986595,17.45985091],[81.40659165,17.46463692],[81.38991892,17.47220051],[81.36662567,17.49839985],[81.31813192,17.48688614],[81.30489266,17.48958003],[81.2905277,17.49954975],[81.26069963,17.5638355],[81.2605226,17.57997394],[81.28272426,17.59604871],[81.28256094,17.6347692],[81.29410195,17.65830052],[81.32675016,17.70283616],[81.36991036,17.71034193],[81.38774323,17.75390625],[81.37184036,17.70822656],[81.33070004,17.70179725],[81.29402626,17.65334046],[81.28594518,17.59603918],[81.26088715,17.57436335],[81.29282033,17.52955842],[81.29525638,17.49774253],[81.37100685,17.50098956],[81.41367364,17.46579766],[81.50012696,17.48294997],[81.53346372,17.44156146],[81.56301463,17.44215822],[81.58851385,17.40766382],[81.61423636,17.40967882],[81.61717927,17.33095563],[81.6444689,17.32575583],[81.68007195,17.30148244],[81.68064714,17.28971124],[81.65959597,17.26717937],[81.66723931,17.2265625],[81.66324341,17.19150662],[81.65861404,17.18620801],[81.67168558,17.13532352],[81.68287003,17.11346138],[81.70591295,17.10626101],[81.71257424,17.09328747],[81.70636845,17.14131367],[81.73606217,17.10222936],[81.73669076,17.08199322],[81.73014533,17.07269096],[81.74877715,17.05432355],[81.75333524,17.04189086],[81.76007044,17.03930998],[81.75337708,17.06793904],[81.83462465,16.80620813],[81.92701411,16.73220992],[82.01269305,16.7201966],[82.06186104,16.68085492],[82.08115256,16.71862686],[82.09453845,16.72572005],[82.19033134,16.72924435],[82.29408884,16.70817673],[82.31198275,16.73313224],[82.34287071,16.73826361],[82.36582148,16.90196514],[82.35796595,16.96346474],[82.32520115,16.98950565],[82.35938013,16.94395483],[82.35462308,16.85147965],[82.31197155,16.84027433],[82.25645244,16.88647902],[82.24907255,16.92997944],[82.36866248,17.11840785],[82.60799766,17.29609716],[83.21302831,17.59086502],[83.2952584,17.67489934],[83.26366091,17.71063638],[83.27230275,17.71184134],[83.28281605,17.68917108],[83.30634463,17.68803465],[83.34449208,17.72497761],[83.45798814,17.92085242],[83.46015251,17.90452886],[83.52946627,17.94924808],[83.57281387,18.01799858],[83.71132815,18.10944927],[84.12463605,18.30916214],[84.12613094,18.35169744],[84.35627306,18.55663955],[84.33923113,18.55066335],[84.55361342,18.79190564],[84.58287478,18.87605274],[84.68291676,18.96682537],[84.66397202,18.96161735],[84.78342176,19.1100949],[84.75096893,19.08209491],[84.72284365,19.08972847],[84.70364332,19.12071443],[84.74414206,19.14458394],[84.7265625,19.09626114],[84.74606323,19.11749375],[84.77750242,19.1098634],[84.90600181,19.26945281],[85.06609154,19.3656249],[85.05461371,19.36560035],[85.04796016,19.36749601],[85.04422033,19.37060785],[85.010517,19.41811585],[85.06671226,19.37169313],[85.33753765,19.57974756],[85.66363478,19.73886764],[85.90491176,19.83221865],[86.09499681,19.85968506],[86.22818506,19.90106952],[86.20783126,19.90492475],[86.22257912,19.92546976],[86.22794604,19.90370524],[86.24158812,19.92186916],[86.36443722,19.95359528],[86.34334123,19.96924055],[86.32866621,19.95477605],[86.31696165,19.94953012],[86.34112382,19.97173512],[86.30298114,19.9833678],[86.32172287,19.98415995],[86.29449356,20.02454007],[86.26542652,20.01710165],[86.22318423,20.02597725],[86.17277086,20.06532216],[86.14917564,20.11874723],[86.15896904,20.17024207],[86.12405884,20.16804504],[86.09198761,20.18045747],[86.03913164,20.20452011],[86.02576935,20.22559643],[86.01298034,20.25677097],[86.03284395,20.29903364],[86.02075601,20.339661],[86.0257833,20.35720456],[85.95724106,20.36331344],[85.90690374,20.39583206],[85.9012295,20.42061806],[85.95807612,20.36439192],[86.02827954,20.35869634],[86.04004574,20.28248322],[86.14914012,20.21693635],[86.16657507,20.15968132],[86.15054548,20.11882985],[86.17932105,20.06197286],[86.22916281,20.02767503],[86.25049615,20.05562592],[86.2687875,20.0626924],[86.28708828,20.04980028],[86.29036152,20.06074154],[86.32530057,20.03336465],[86.34922695,19.98133743],[86.40770161,19.99534714],[86.41254926,20.00995803],[86.40732777,20.01942706],[86.41173744,20.03652442],[86.42699182,20.04950595],[86.41196454,20.05533087],[86.43701684,20.06089056],[86.55899417,20.20048535],[86.50367415,20.16419291],[86.48858643,20.12093747],[86.48820364,20.16665947],[86.46906698,20.1462115],[86.46446514,20.14652038],[86.46195757,20.14949405],[86.45916843,20.15786386],[86.4600507,20.16190612],[86.46898425,20.14758182],[86.49759257,20.19017208],[86.51034975,20.17754435],[86.55341995,20.20993483],[86.63458705,20.24396753],[86.60603118,20.24750996],[86.58082116,20.26670492],[86.57676208,20.27485824],[86.63623178,20.24492741],[86.71746862,20.29234707],[86.69360316,20.28490674],[86.68469417,20.28487706],[86.70357847,20.29138994],[86.60802877,20.33921325],[86.55770063,20.32204545],[86.48574591,20.32974863],[86.5577507,20.32468045],[86.57134295,20.33700216],[86.59764731,20.34241641],[86.61033463,20.34197175],[86.59267151,20.36208534],[86.59148121,20.38267267],[86.59385216,20.39359295],[86.49850285,20.38858175],[86.42139184,20.45197773],[86.41139007,20.4470458],[86.39853013,20.44983482],[86.39286292,20.44338882],[86.38710546,20.44230402],[86.36058486,20.46101296],[86.35048544,20.45459247],[86.34361732,20.46202445],[86.33900261,20.45371294],[86.32883596,20.45340395],[86.29085362,20.47041965],[86.23113525,20.45304656],[86.20313621,20.44900048],[86.12242782,20.45488322],[86.09343851,20.46674764],[86.05088317,20.44817805],[86.09426916,20.43200982],[86.11667895,20.41017473],[86.05059743,20.44601381],[86.02372026,20.43636036],[85.98349595,20.44560575],[85.93851018,20.46543777],[85.90975487,20.49266315],[86.03042614,20.44239867],[86.06003594,20.46582901],[86.09174323,20.47006691],[86.17195916,20.45207596],[86.28924441,20.47237706],[86.34091175,20.47150993],[86.34833252,20.47009337],[86.35265064,20.46428573],[86.36894691,20.46755624],[86.41570592,20.45570648],[86.44969511,20.43970263],[86.47056615,20.41273773],[86.49920535,20.40744674],[86.51664126,20.41816616],[86.54864967,20.4159286],[86.56979144,20.41094506],[86.57528508,20.40600717],[86.59027755,20.40296328],[86.59742975,20.39637744],[86.60151267,20.38642478],[86.59597123,20.36504066],[86.61712563,20.33799887],[86.70809865,20.29759717],[86.77045035,20.33246064],[86.78031802,20.390625],[86.71569073,20.39343512],[86.70452118,20.41040564],[86.70509505,20.41926146],[86.69049001,20.40798605],[86.68510103,20.41331005],[86.69066775,20.42712355],[86.66328561,20.42706084],[86.66333878,20.43114376],[86.66971803,20.44171214],[86.66356516,20.43546402],[86.65811944,20.43613005],[86.65044332,20.44750083],[86.65187216,20.45414603],[86.64017284,20.44518757],[86.63191485,20.44592345],[86.63527775,20.43726635],[86.62584901,20.43295145],[86.63176215,20.44707465],[86.65241504,20.45551026],[86.67169786,20.44070625],[86.66443706,20.42782176],[86.69497752,20.42741656],[86.68880415,20.4107244],[86.70451987,20.42152286],[86.72725213,20.39871037],[86.73383343,20.47873127],[86.75639784,20.50063765],[86.73656654,20.51992762],[86.70812356,20.56640625],[86.71249485,20.59524417],[86.73024344,20.60455811],[86.72483838,20.6134305],[86.72563016,20.62176526],[86.73324931,20.64251733],[86.74501514,20.64856112],[86.74372566,20.66040683],[86.70495045,20.63533163],[86.68203056,20.64338291],[86.67589676,20.63622296],[86.67111552,20.6083498],[86.66686106,20.60442543],[86.61231971,20.60677755],[86.62301934,20.5857867],[86.61660266,20.57433701],[86.60252476,20.56564271],[86.55432105,20.62381113],[86.54265451,20.60250402],[86.53188193,20.5988456],[86.49585986,20.61629534],[86.46895635,20.60386145],[86.44996321,20.60103393],[86.43815923,20.60626805],[86.41868007,20.62365425],[86.40676534,20.62604606],[86.37938356,20.59775662],[86.37131035,20.59478521],[86.32873333,20.60717964],[86.28383815,20.64671504],[86.26638055,20.67223585],[86.26929927,20.67942643],[86.2569139,20.67287385],[86.23291945,20.68939531],[86.22995412,20.69581926],[86.23978555,20.70813155],[86.22856534,20.71267176],[86.19394136,20.73867774],[86.18899596,20.76082587],[86.19331765,20.77689898],[86.1893779,20.78310657],[86.13606524,20.7825042],[86.15793037,20.79939854],[86.19177222,20.78311384],[86.19488215,20.77615654],[86.19067967,20.76108456],[86.19582605,20.73987305],[86.24331474,20.70878911],[86.23246825,20.69239771],[86.27033353,20.68105352],[86.32837915,20.6092025],[86.37203252,20.59829402],[86.40329528,20.63005066],[86.42151892,20.62551284],[86.45088267,20.60298896],[86.49203253,20.61807156],[86.51150894,20.61956525],[86.53409421,20.59997451],[86.55510688,20.62498546],[86.56449783,20.62231624],[86.58854222,20.60172713],[86.60544002,20.56772721],[86.60900664,20.60818434],[86.65964615,20.60940313],[86.67467916,20.64251947],[86.68342376,20.64529586],[86.70958352,20.63921118],[86.7395792,20.67014945],[86.68971205,20.68249762],[86.67513204,20.70058525],[86.62574482,20.68557632],[86.58445954,20.69021034],[86.57663703,20.69693851],[86.57718456,20.7009201],[86.58060205,20.70620668],[86.56319034,20.71895885],[86.54192603,20.69278264],[86.48774493,20.67832136],[86.42473853,20.68457961],[86.42067754,20.69068265],[86.42718983,20.70461297],[86.39663315,20.72031105],[86.39267695,20.72533405],[86.39123344,20.73421872],[86.37935913,20.73165858],[86.33983004,20.74807036],[86.33013654,20.75605905],[86.32910705,20.77224803],[86.32751071,20.77370453],[86.31806397,20.7745831],[86.31329632,20.77650535],[86.30444753,20.78504646],[86.30318975,20.79256427],[86.29913735,20.7942965],[86.29668725,20.77297831],[86.27019298,20.80650306],[86.26526773,20.82824016],[86.21983421,20.82420397],[86.19438195,20.85651815],[86.19350851,20.86499107],[86.17899215,20.8531903],[86.16104794,20.85426557],[86.10298455,20.89053786],[86.08298004,20.88200402],[86.06068814,20.88542461],[86.05262041,20.87675047],[85.98734593,20.88621175],[85.95640326,20.84644365],[85.91420495,20.83680403],[85.89351726,20.84007835],[85.8545593,20.86070907],[85.81013727,20.86108875],[85.78599155,20.87762904],[85.76685643,20.87060964],[85.75983763,20.87446785],[85.75300467,20.8659991],[85.73714483,20.86750305],[85.69878125,20.82452714],[85.62624443,20.80603647],[85.60622656,20.74926984],[85.57969737,20.74051344],[85.51974034,20.74607718],[85.32865965,20.81817091],[85.31619,20.82423234],[85.29886007,20.84475744],[85.28466773,20.85088992],[85.28931046,20.88348794],[85.24903464,20.89306045],[85.23990965,20.90530515],[85.23734212,20.96404946],[85.25462127,20.98869967],[85.16882515,21.04356003],[85.15503573,21.07279468],[85.10802102,21.06965244],[85.10231924,21.09282923],[85.15215981,21.14747691],[85.12516105,21.18432224],[85.09697211,21.18160105],[85.06330204,21.19317567],[85.02900934,21.26511085],[85.06328905,21.19623005],[85.12398744,21.18944573],[85.14057314,21.17675626],[85.15607834,21.15125513],[85.15230334,21.13052344],[85.11399865,21.09444737],[85.1113559,21.07547486],[85.15393674,21.07710385],[85.24889386,21.00173151],[85.25994074,20.98379183],[85.23959637,20.96092582],[85.24498415,20.90248334],[85.28916466,20.88673866],[85.31540132,20.82771885],[85.36507642,20.80611312],[85.57825196,20.74545026],[85.60764527,20.75560272],[85.6138252,20.80224717],[85.64190567,20.82434964],[85.66881955,20.82873476],[85.69585037,20.82626045],[85.70250082,20.84070265],[85.72867322,20.86647177],[85.75744593,20.87760532],[85.78413355,20.88039207],[85.81816495,20.86135638],[85.85209811,20.86410427],[85.9098438,20.83987296],[85.95096803,20.84651053],[85.98402321,20.88927555],[86.10219288,20.89238465],[86.16459262,20.85466182],[86.19359672,20.86656666],[86.22277665,20.82470715],[86.26541364,20.83088565],[86.29005837,20.78964043],[86.30010986,20.79540706],[86.33376086,20.77248776],[86.33467531,20.75424457],[86.39258456,20.73516715],[86.42654753,20.71130836],[86.42892683,20.70103145],[86.42555511,20.68614316],[86.48983097,20.68073285],[86.56116593,20.72011554],[86.56824255,20.71844137],[86.58142126,20.70809317],[86.59386504,20.71760344],[86.60097945,20.71563137],[86.60628045,20.71012044],[86.60682595,20.69656813],[86.62079775,20.68864596],[86.65796483,20.70311618],[86.67785955,20.70281363],[86.74077153,20.67679822],[86.75619304,20.61607933],[86.82738531,20.77136481],[86.88169253,20.79718351],[86.95814776,20.78488886],[86.97020388,20.82330585],[86.81851304,21.17810893],[86.91090465,21.34021914],[87.06359112,21.46430397],[87.02906501,21.46475017],[86.99128056,21.48635232],[86.98363078,21.49703586],[86.98963976,21.50818431],[86.98273468,21.50432575],[86.98140216,21.48790693],[86.97927678,21.48551452],[86.95341241,21.48525226],[86.93792784,21.50834811],[86.93787146,21.51154494],[86.93935692,21.51395404],[86.947806,21.51716292],[86.94654202,21.52734756],[86.93412054,21.52141082],[86.92671633,21.52025843],[86.92395532,21.52276075],[86.92502391,21.53042543],[86.92677736,21.53372884],[86.93933821,21.54003894],[86.91914904,21.53768945],[86.90843928,21.56342161],[86.93990982,21.54167044],[86.93753743,21.53380561],[86.92605603,21.53120303],[86.92451405,21.52333951],[86.92838061,21.52069151],[86.94545054,21.52798855],[86.9472897,21.52709115],[86.95404923,21.48578024],[86.98979235,21.50947857],[87.03524578,21.46571016],[87.09807324,21.49201298],[87.11490917,21.51161742],[87.10094142,21.52021277],[87.1013478,21.52950776],[87.10493314,21.51872134],[87.12310457,21.52148426],[87.12964201,21.51296997],[87.2006675,21.54813302],[87.39103103,21.55010343],[87.33606482,21.57595718],[87.31127703,21.57010615],[87.30261993,21.57377887],[87.29884148,21.58275616],[87.29872394,21.58935964],[87.30161977,21.59671175],[87.34301615,21.63267302],[87.30019975,21.66708815],[87.30717206,21.69101977],[87.28484225,21.67808914],[87.24126935,21.68529773],[87.19533837,21.71884096],[87.20945287,21.74726713],[87.17416465,21.74974954],[87.16362286,21.76253533],[87.15901041,21.77501154],[87.16326535,21.78836966],[87.17699206,21.796875],[87.20483768,21.79579055],[87.21098924,21.84613061],[87.24969184,21.87677062],[87.23325932,21.90038276],[87.24335682,21.92784643],[87.21880507,21.96521962],[87.20568371,21.9997617],[87.20311975,22.03212166],[87.14711142,22.07621455],[87.17651308,22.06163383],[87.19883394,22.03982616],[87.21033597,22.02326143],[87.2519021,21.92660475],[87.25516331,21.87252283],[87.2127912,21.84358847],[87.21700156,21.80238247],[87.16501486,21.76526546],[87.21342695,21.75310206],[87.20316827,21.72004914],[87.24145305,21.69294572],[87.31123245,21.69373226],[87.3474313,21.62811077],[87.30967402,21.58625245],[87.40416706,21.55620956],[87.46336293,21.60625374],[87.80431068,21.70238018],[87.89418995,21.78316855],[87.87623346,21.80041647],[87.86936867,21.82012951],[87.87010813,21.84781778],[87.87983942,21.85828161],[87.8758198,21.87009251],[87.88190341,21.85996187],[87.87233031,21.8176465],[87.89850175,21.78938794],[87.97573376,21.85107207],[88.05234551,22.01441932],[87.98180735,22.09859455],[87.95373845,22.09796464],[87.93206406,22.11763012],[87.87914705,22.1398319],[87.85006881,22.16265285],[87.82963145,22.16157985],[87.82658243,22.16631567],[87.85289598,22.16458821],[87.93207681,22.12124562],[87.95669436,22.09991992],[87.99133086,22.10290587],[88.03206205,22.06365037],[88.0619328,22.01331735],[88.18647146,22.09505761],[88.13539314,22.1846807],[88.00798905,22.20165515],[87.98156035,22.21566093],[87.94021487,22.2599678],[87.94211054,22.36607242],[87.87407374,22.44826853],[87.89130592,22.51966882],[87.86406755,22.53226292],[87.84328938,22.55762684],[87.85226822,22.5980401],[87.84572065,22.55563486],[87.89134455,22.52647781],[87.90292513,22.48785961],[87.90269876,22.48260784],[87.89570963,22.47139275],[87.88221395,22.45563924],[87.88144886,22.44539321],[87.92327213,22.43465555],[87.94906175,22.39950526],[87.96178102,22.27743435],[88.04819107,22.21992576],[88.08995521,22.30542874],[88.08936214,22.37158716],[88.13753223,22.41476083],[88.11462581,22.46803582],[88.23719776,22.52772331],[88.23893595,22.56321478],[88.31719875,22.55152905],[88.34402561,22.58166122],[88.35825884,22.73664796],[88.32993972,22.78114057],[88.37198806,22.86100245],[88.40418136,22.88802028],[88.3985157,22.91868556],[88.40684211,22.99658895],[88.46531343,23.07968795],[88.48473597,23.06895328],[88.51062977,23.1119138],[88.50200844,23.12421322],[88.47115207,23.12464964],[88.45448113,23.12940705],[88.44837785,23.13466465],[88.44712067,23.17435324],[88.46946096,23.21920657],[88.41042948,23.20706904],[88.36262166,23.22795618],[88.32907355,23.26680303],[88.34745824,23.29785228],[88.32587945,23.34379184],[88.32918155,23.35424686],[88.33827615,23.35610116],[88.37798882,23.33226717],[88.35576642,23.35086393],[88.35459566,23.36249685],[88.38270664,23.42181313],[88.36788344,23.43005645],[88.34765875,23.48149741],[88.35341132,23.49036825],[88.37189925,23.48847795],[88.37408733,23.50320393],[88.37536561,23.48771214],[88.34947991,23.48292565],[88.37594664,23.45798743],[88.37094724,23.43152654],[88.38677645,23.42422175],[88.35795414,23.36059213],[88.38142085,23.33217442],[88.36835301,23.32833803],[88.33056545,23.35144413],[88.3565917,23.30294526],[88.33210397,23.26666641],[88.41722286,23.20987928],[88.44912505,23.226812],[88.47311425,23.22230816],[88.45314884,23.13222933],[88.50335383,23.13194585],[88.51424944,23.10981238],[88.48929501,23.06755543],[88.46527994,23.07466137],[88.45668423,23.03460681],[88.4456259,23.01691604],[88.41218352,22.99994111],[88.41183805,22.88512003],[88.33415115,22.78096604],[88.36579192,22.74650443],[88.36771393,22.60879564],[88.32353342,22.54998374],[88.24450445,22.55762267],[88.23877156,22.5193789],[88.12257862,22.46584678],[88.14597535,22.40840924],[88.10704827,22.37508023],[88.10462797,22.29454172],[88.06989872,22.21157944],[88.17607307,22.19399512],[88.20731413,22.15804183],[88.22409594,22.07756567],[88.15368187,21.95886362],[88.17720532,21.92548871],[88.1635344,21.87907875],[88.21721721,21.76438737],[88.27338004,21.75511873],[88.27246058,21.73087144],[88.28250575,21.75793636],[88.26950777,21.76576436],[88.25461662,21.78283024],[88.25180292,21.80203676],[88.28192461,21.76126754],[88.26334655,21.78846836],[88.25844526,21.80071223],[88.25937176,21.80866873],[88.26389825,21.81407583],[88.27690554,21.82165754],[88.30608141,21.83046865],[88.31392395,21.84604013],[88.25973904,21.85804451],[88.25540865,21.86342072],[88.25514233,21.87120163],[88.26372993,21.88169587],[88.26141346,21.85874653],[88.30959535,21.87717652],[88.3108294,21.85555911],[88.32544208,21.86208534],[88.33643305,21.86153567],[88.34378171,21.85728455],[88.3537811,21.85723364],[88.35794544,21.92298031],[88.35459912,21.82325721],[88.3639158,21.79756796],[88.39069664,21.79867804],[88.3828907,21.90037405],[88.38623476,21.90702665],[88.40619755,21.91978502],[88.39295185,21.93644726],[88.39824903,21.95192623],[88.37382066,21.96305954],[88.37303603,21.9664489],[88.37461221,21.96901381],[88.39427686,21.97100866],[88.37393034,21.96549201],[88.39870524,21.95345116],[88.4077208,21.9187057],[88.3848021,21.89868033],[88.40878236,21.88525295],[88.41966391,21.90647948],[88.45862043,21.91915238],[88.45146561,21.94186175],[88.46897101,21.95730197],[88.44522715,21.96430194],[88.44182766,21.99105167],[88.45019603,22.00905704],[88.46085274,22.01142871],[88.44599295,21.96613455],[88.47010112,21.95904374],[88.46822393,21.95258117],[88.45290256,21.93937898],[88.47433293,21.89568114],[88.47714341,21.90434325],[88.48347831,21.91005325],[88.52140105,21.91671944],[88.52009332,21.94157481],[88.49531543,21.95489764],[88.49100792,21.9605062],[88.49131691,21.96607864],[88.50025332,21.97869003],[88.52052927,21.98939025],[88.54231203,21.98235643],[88.55447376,22.03547752],[88.54270995,21.98107946],[88.49454045,21.96871352],[88.49413466,21.95860636],[88.51877987,21.9453125],[88.52546334,21.92866504],[88.52184713,21.91387296],[88.49429083,21.87848771],[88.52803314,21.85329556],[88.54067123,21.90390456],[88.54493475,21.90617967],[88.56118071,21.89902496],[88.57027543,21.90312076],[88.54926348,21.92038774],[88.54093862,21.95950866],[88.54244041,21.97003627],[88.54788101,21.97402132],[88.55859375,21.97265625],[88.56792617,21.95869327],[88.54390192,21.97060835],[88.55055392,21.92098093],[88.57218146,21.90741384],[88.57900643,21.92420936],[88.58611965,21.92798698],[88.57832527,21.88951576],[88.60652614,21.91301894],[88.61455286,22.01969266],[88.60261905,22.02122796],[88.59947932,22.02533782],[88.59619057,22.06598961],[88.60474706,22.02301264],[88.63674784,22.04457152],[88.62738943,22.05421984],[88.62020314,22.10424924],[88.60692024,22.10753381],[88.59758091,22.13012564],[88.60335541,22.15948141],[88.58384788,22.16676855],[88.57282805,22.18898284],[88.60425103,22.16028595],[88.61868608,22.10878623],[88.67200315,22.19918835],[88.63764703,22.20900154],[88.63088107,22.22201204],[88.6788491,22.29345095],[88.66629052,22.33905447],[88.69056356,22.32617605],[88.6849966,22.29397607],[88.63473845,22.21748495],[88.70046592,22.20988691],[88.73371577,22.19567287],[88.74363315,22.22930396],[88.77242565,22.25121248],[88.78641427,22.25899637],[88.79067993,22.25950694],[88.79319394,22.27681756],[88.80461884,22.28308582],[88.80276406,22.32944345],[88.81130934,22.34558225],[88.79512584,22.34410357],[88.78971124,22.3485105],[88.81937134,22.36384845],[88.84951985,22.36432302],[88.87023675,22.35912526],[88.87622201,22.35533762],[88.87525725,22.35758412],[88.86148393,22.36431181],[88.84629834,22.38796711],[88.84780204,22.43087506],[88.81920123,22.43023145],[88.8026098,22.44310355],[88.80035782,22.45800602],[88.77981496,22.49226093],[88.77725446,22.50692594],[88.73329234,22.50996506],[88.70796573,22.52770126],[88.6916579,22.52234006],[88.67439485,22.53828645],[88.68112946,22.54317534],[88.67289102,22.54885054],[88.67175055,22.55620384],[88.67767274,22.59385765],[88.69085252,22.52399552],[88.70155835,22.53062296],[88.76908922,22.51356506],[88.77221048,22.51816714],[88.78270733,22.52421296],[88.76453233,22.52769756],[88.77004611,22.53021967],[88.76442921,22.53415775],[88.76112866,22.54990721],[88.76654732,22.56084454],[88.78406584,22.52492201],[88.77165103,22.51327515],[88.79214466,22.5],[88.81234574,22.48005021],[88.82975304,22.44695854],[88.82442391,22.43600142],[88.85262775,22.43278456],[88.85100341,22.47518158],[88.85680795,22.47518837],[88.85760415,22.48346686],[88.86502886,22.48775935],[88.84490025,22.50058401],[88.84293664,22.50821805],[88.86921501,22.54563582],[88.89658773,22.56327164],[88.93760848,22.57034385],[88.93701065,22.59419644],[88.95784926,22.61716497],[88.93885613,22.6158545],[88.93253422,22.61833286],[88.90906894,22.67578125],[88.88262951,22.66552103],[88.86343586,22.66381025],[88.86146295,22.69332826],[88.84712458,22.69180274],[88.84692156,22.70678616],[88.80810547,22.71047485],[88.80598974,22.73450756],[88.80833018,22.75288725],[88.84841228,22.74929082],[88.80947387,22.75114405],[88.80919135,22.71074224],[88.84799695,22.7089715],[88.86396432,22.69405675],[88.86443126,22.66477764],[88.91134155,22.67679727],[88.93373701,22.61957756],[88.95916198,22.61743948],[88.93939897,22.5680676],[88.92677892,22.56496984],[88.96106156,22.54935371],[88.9970654,22.46995393],[89.00049957,22.4296167],[88.98201529,22.41582436],[88.97241356,22.41119967],[88.97496025,22.40508788],[88.99477552,22.3910793],[88.99597538,22.38939369],[88.9966182,22.3870922],[88.98498886,22.32597806],[89.00094834,22.32335606],[89.01054996,22.31474506],[89.01695346,22.3055257],[89.02348927,22.30010925],[89.02475219,22.29617532],[89.02154684,22.29374285],[89.00018858,22.29662578],[88.99532075,22.28594455],[89.03386629,22.25811643],[89.07198522,22.19566675],[89.07002943,22.15024663],[89.09070104,22.15987917],[89.09850797,22.15557036],[89.0926427,22.1431874],[89.05593368,22.12194455],[89.04012976,22.09802463],[89.08646766,21.98050412],[89.06973128,21.92418461],[89.02788112,21.92014466],[89.02018742,21.88948207],[89.04531681,21.85186253],[89.03006229,21.78511942],[89.15001341,21.66609712],[89.23236111,21.12911111],[89.37354885,18.00904909],[89.28405038,17.97400805],[88.7590395,17.48948988],[88.46278596,17.25715766],[86.9104249,16.2714466],[86.46488043,15.82817615],[85.65072635,15.18511587],[84.90446566,14.34615416],[84.63269451,14.08211683],[84.21950975,13.77329222],[83.76414436,13.52628631],[83.76445841,13.14136871],[83.7179631,12.73224958],[83.56957403,11.99564659],[83.40247228,11.44882481],[82.40666667,11.26666667],[81.93333333,11.045],[81.04166667,10.695],[80.76666667,10.55],[80.08333333,10.09666667],[79.58333333,9.95],[79.37666667,9.66916667],[79.51166667,9.36333333],[79.53333333,9.21666667],[79.52166667,9.0],[79.48833333,8.89666667],[79.30333333,8.66666667],[79.07833333,8.52],[78.92333333,8.37],[78.76166667,7.58833333],[78.20333333,6.51333333],[77.845,5.89833333],[77.02333333,4.79],[76.72083333,5.09305556],[75.42944444,6.85166667],[75.27194444,7.2575],[74.93583333,7.85833333],[73.32722222,7.65055556],[72.70722222,7.715],[70.25222222,8.09388889],[69.47833932,7.93337053],[69.15729076,8.63963624],[68.96407767,9.17835844],[68.72627887,10.27107428],[68.51681394,10.85049594],[68.40416057,11.23820751],[68.32878093,11.73108675],[68.32754952,12.22013436],[68.37540084,12.59066964],[68.46444877,12.95153289],[68.67948355,13.60303939],[68.89121516,14.04470739],[69.12358137,14.39512796],[69.4028895,14.71848983],[69.71274217,14.99904631],[70.06329272,15.24431897],[69.90513185,15.9075698],[69.82491999,16.4462092],[69.74189836,16.79582497],[69.49048655,17.58093997],[68.99476863,17.79303669],[68.55966095,18.01855997],[68.09910393,18.32177684],[67.67486912,18.66554377],[67.21246694,19.13238594],[66.65087256,19.63687391],[66.18888525,20.12455893],[65.88131364,20.53286087],[65.6391495,20.98033993],[67.16814325,22.25108157],[67.47056478,22.71384825],[67.71381102,23.23003541],[68.11152128,23.6363393],[68.1826982,23.6785452],[68.20883788,23.87581283],[68.28109532,23.93005781],[68.33207344,23.92435084],[68.36698744,23.98759034],[68.37693153,23.99003632]],[[68.23323238,23.84240174],[68.25147843,23.86202836],[68.25066233,23.87952626],[68.21384323,23.86189735],[68.23323238,23.84240174]],[[68.21473193,23.76844311],[68.22409105,23.76375151],[68.21638691,23.77930415],[68.21473193,23.76844311]],[[68.2802062,23.66247785],[68.23138285,23.6432054],[68.28110862,23.65192056],[68.31159556,23.65012801],[68.26047802,23.63983786],[68.21078086,23.64037323],[68.20421803,23.64718962],[68.18783498,23.61061513],[68.23311305,23.58695424],[68.277776,23.63243425],[68.30686676,23.63041043],[68.27803147,23.63089836],[68.28105104,23.58249021],[68.34667611,23.5978415],[68.39563465,23.66417158],[68.42507172,23.79684305],[68.39812493,23.78462756],[68.35408652,23.80372024],[68.34893143,23.78216612],[68.33488476,23.75792301],[68.35028493,23.73198676],[68.33945131,23.74242747],[68.2802062,23.66247785]],[[68.25767434,23.71680725],[68.29477024,23.72311008],[68.28504276,23.73179364],[68.28596807,23.75448954],[68.29030132,23.72817135],[68.32428706,23.73425555],[68.30942977,23.82325113],[68.29052556,23.81665266],[68.29807365,23.80359757],[68.27331793,23.7911185],[68.25767434,23.71680725]],[[68.33159745,23.78715718],[68.35583377,23.81076264],[68.40155864,23.79023087],[68.39041138,23.80972314],[68.38920164,23.83048451],[68.38026845,23.83810353],[68.39027703,23.83132923],[68.39808404,23.80005038],[68.41104901,23.79569316],[68.43907475,23.83604705],[68.42458272,23.86463535],[68.37812412,23.87394905],[68.37723875,23.85792065],[68.34434044,23.83910286],[68.33159745,23.78715718]],[[68.35034203,23.84610677],[68.37759292,23.87617815],[68.41710544,23.87236094],[68.40886366,23.88491511],[68.42291904,23.89466238],[68.41977704,23.87098277],[68.44235313,23.87064576],[68.45885491,23.93088067],[68.35319471,23.90054882],[68.35034203,23.84610677]],[[68.45545101,23.80727625],[68.43764031,23.73927891],[68.47723746,23.74106467],[68.46435583,23.76605427],[68.46603942,23.77539861],[68.48791337,23.7490077],[68.48785508,23.73697555],[68.50734627,23.74845576],[68.48973715,23.75933981],[68.51511824,23.75249433],[68.52218926,23.77527046],[68.49866343,23.79374015],[68.51970935,23.81740463],[68.49019778,23.83032668],[68.45545101,23.80727625]],[[68.48570442,23.73931014],[68.481866,23.73865807],[68.4822371,23.73592877],[68.48570442,23.73931014]],[[68.48413253,23.73264205],[68.45967233,23.7247647],[68.48737895,23.72880864],[68.48413253,23.73264205]],[[68.45065093,23.73157728],[68.44857836,23.73046875],[68.45040774,23.73046875],[68.45065093,23.73157728]],[[68.34467685,23.79480124],[68.34696496,23.78031445],[68.34959805,23.80021214],[68.34467685,23.79480124]],[[68.47430944,23.72124135],[68.47939944,23.71756637],[68.48230696,23.72067571],[68.47430944,23.72124135]],[[68.49086165,23.6038897],[68.46998251,23.61621463],[68.46866965,23.59278047],[68.47966516,23.60649216],[68.48299861,23.60695267],[68.49086165,23.6038897]],[[68.48647881,23.60319221],[68.47909904,23.60268283],[68.48057985,23.59799051],[68.48647881,23.60319221]],[[68.47970486,23.59010303],[68.43556273,23.55649257],[68.43042576,23.50768864],[68.44633615,23.53979301],[68.48118198,23.56112552],[68.47970486,23.59010303]],[[68.48154914,23.55280256],[68.45745277,23.54223573],[68.45338202,23.52877605],[68.48154914,23.55280256]],[[68.48227775,23.54689562],[68.48319018,23.54867697],[68.48217213,23.55029023],[68.48227775,23.54689562]],[[68.47209501,23.53581774],[68.47647297,23.53275084],[68.47311914,23.53688991],[68.47209501,23.53581774]],[[68.47619104,23.52782333],[68.46901011,23.52442718],[68.47179866,23.52090621],[68.47619104,23.52782333]],[[68.47048032,23.51913774],[68.46322465,23.5184195],[68.46502662,23.51538217],[68.47048032,23.51913774]],[[68.45452082,23.59911096],[68.4620676,23.57684195],[68.46600127,23.59788513],[68.45452082,23.59911096]],[[68.45210731,23.60264695],[68.46656406,23.60086584],[68.46460652,23.62259293],[68.43529201,23.61677873],[68.44075406,23.58657217],[68.45210731,23.60264695]],[[68.25032616,23.58293355],[68.25498044,23.59001446],[68.24537325,23.58868027],[68.25032616,23.58293355]],[[68.22766042,23.58517587],[68.22432828,23.58410704],[68.22827363,23.584378],[68.22766042,23.58517587]],[[68.21745956,23.58676255],[68.21551025,23.58715236],[68.21710157,23.58642054],[68.21745956,23.58676255]],[[68.48683846,23.48596156],[68.47397745,23.48139298],[68.48090756,23.47771347],[68.48683846,23.48596156]],[[68.48609173,23.48922265],[68.48958433,23.49299634],[68.48665857,23.49514043],[68.48609173,23.48922265]],[[68.5112282,23.49066913],[68.51141286,23.49190998],[68.50933671,23.49236715],[68.5112282,23.49066913]],[[68.50785577,23.49176466],[68.50710213,23.49037015],[68.50845492,23.49027085],[68.50785577,23.49176466]],[[68.48741293,23.48539925],[68.4821763,23.47787452],[68.48517334,23.47628403],[68.48762631,23.47322381],[68.48741293,23.48539925]],[[68.49619496,23.47572541],[68.49901414,23.45830417],[68.50046146,23.45521605],[68.50150836,23.46596503],[68.49619496,23.47572541]],[[68.51908553,23.4487642],[68.50316405,23.42916644],[68.52600157,23.43641675],[68.51908553,23.4487642]],[[68.51401043,23.43041551],[68.51718688,23.43220794],[68.51509881,23.43286431],[68.51401043,23.43041551]],[[68.48340595,23.40298176],[68.47249365,23.48021865],[68.41176486,23.44161606],[68.42168283,23.42029798],[68.41839635,23.43971741],[68.47435486,23.45975745],[68.45860255,23.41774344],[68.48340595,23.40298176]],[[68.54153121,23.40599],[68.54786265,23.41026401],[68.55003047,23.41469073],[68.54153121,23.40599]],[[68.5546875,23.40597093],[68.55627322,23.40610015],[68.55798376,23.40916598],[68.5546875,23.40597093]],[[68.55076325,23.40207851],[68.52800608,23.39185464],[68.54646921,23.39661527],[68.55577314,23.36024487],[68.56718242,23.37570751],[68.55639195,23.37876308],[68.55076325,23.40207851]],[[68.55301905,23.40359247],[68.5546875,23.40262282],[68.55676818,23.4028033],[68.55301905,23.40359247]],[[68.58932185,23.37403297],[68.56846094,23.37222755],[68.6182301,23.32807398],[68.61840642,23.35311604],[68.59810865,23.35680425],[68.59450066,23.36117446],[68.59806061,23.36359417],[68.58932185,23.37403297]],[[68.59632492,23.35925627],[68.59953105,23.35947871],[68.59735584,23.36081386],[68.59632492,23.35925627]],[[68.63160145,23.35153437],[68.63115215,23.34938717],[68.63495922,23.34290373],[68.63160145,23.35153437]],[[68.53583431,23.31653643],[68.50468576,23.34241915],[68.50252116,23.3237679],[68.53583431,23.31653643]],[[68.6282413,23.32495844],[68.62719226,23.32405865],[68.62892294,23.32149303],[68.6282413,23.32495844]],[[68.62993157,23.31501901],[68.62576234,23.31217206],[68.62777436,23.31145155],[68.62993157,23.31501901]],[[68.63073528,23.31290853],[68.63430274,23.31424844],[68.63242972,23.31749725],[68.63073528,23.31290853]],[[68.63978183,23.31623673],[68.64380932,23.31773305],[68.63952315,23.318452],[68.63978183,23.31623673]],[[68.64627385,23.30717266],[68.63453901,23.31336236],[68.63212001,23.31062114],[68.64627385,23.30717266]],[[68.61843395,23.29871845],[68.58833981,23.31886065],[68.58274055,23.31570935],[68.61843395,23.29871845]],[[68.60218716,23.29969311],[68.55730653,23.31342661],[68.5678246,23.28133535],[68.54126775,23.28513134],[68.54083395,23.26601112],[68.57396603,23.24489582],[68.57289851,23.26089108],[68.61498988,23.27155125],[68.60218716,23.29969311]],[[68.62819254,23.28642142],[68.62929416,23.28733146],[68.6286149,23.28991902],[68.62819254,23.28642142]],[[68.59404671,23.26043797],[68.59768617,23.26036155],[68.59400141,23.26202631],[68.59404671,23.26043797]],[[68.63171041,23.31923413],[68.63233948,23.31904101],[68.63165104,23.32092774],[68.63171041,23.31923413]],[[68.52277494,23.3425467],[68.53268015,23.34100318],[68.52131331,23.34320176],[68.52277494,23.3425467]],[[68.56092322,23.34269512],[68.56515682,23.34263575],[68.56332493,23.34491122],[68.56092322,23.34269512]],[[68.55376685,23.34176588],[68.5546875,23.33928573],[68.556777,23.34181452],[68.55376685,23.34176588]],[[68.55088925,23.33965564],[68.54971242,23.34015286],[68.54536724,23.33908701],[68.55088925,23.33965564]],[[68.54451478,23.33859384],[68.54064465,23.33938634],[68.54172027,23.337309],[68.54451478,23.33859384]],[[68.57465148,23.35586906],[68.56971145,23.35868895],[68.57560384,23.3521831],[68.57465148,23.35586906]],[[68.47637415,23.35508895],[68.47379577,23.35382724],[68.47652018,23.35368347],[68.47637415,23.35508895]],[[68.53333294,23.37168086],[68.53239834,23.38062453],[68.53503382,23.38765395],[68.53065348,23.38462865],[68.53333294,23.37168086]],[[68.50282276,23.37840784],[68.50336802,23.38096654],[68.50299954,23.38321483],[68.50282276,23.37840784]],[[68.50397873,23.38345826],[68.50482023,23.38106465],[68.50470865,23.38460004],[68.50397873,23.38345826]],[[68.52713335,23.38626575],[68.52731645,23.39867294],[68.5234251,23.40501607],[68.52713335,23.38626575]],[[68.42228746,23.40023196],[68.42113996,23.40134466],[68.41338265,23.40924573],[68.41441774,23.40310764],[68.42228746,23.40023196]],[[68.40986335,23.40795922],[68.40889573,23.40823126],[68.40974605,23.40599143],[68.40986335,23.40795922]],[[68.46280932,23.40921247],[68.46198666,23.40617836],[68.46427655,23.40516353],[68.46280932,23.40921247]],[[68.46968305,23.40526116],[68.47592056,23.40306795],[68.46958005,23.40554786],[68.46968305,23.40526116]],[[68.46287274,23.40241778],[68.46556032,23.40351057],[68.46045983,23.40496612],[68.46287274,23.40241778]],[[68.43060935,23.40542626],[68.43236244,23.40566433],[68.42959547,23.4071418],[68.43060935,23.40542626]],[[68.53557026,23.38077903],[68.54299772,23.38086712],[68.53553903,23.38538766],[68.53557026,23.38077903]],[[68.53860617,23.37577426],[68.54020476,23.37583375],[68.54033375,23.37759423],[68.53860617,23.37577426]],[[68.46246195,23.41151607],[68.45809221,23.41123533],[68.46281743,23.41086686],[68.46246195,23.41151607]],[[68.40270185,23.41811502],[68.39859474,23.41912234],[68.40145075,23.41576004],[68.40270185,23.41811502]],[[68.39804876,23.42199731],[68.40120697,23.42647636],[68.39955735,23.42837751],[68.39804876,23.42199731]],[[68.40657592,23.4526422],[68.40122426,23.45466757],[68.40342712,23.45196962],[68.40657592,23.4526422]],[[68.45969927,23.47918653],[68.47292697,23.49065256],[68.46611226,23.49779725],[68.45969927,23.47918653]],[[68.4959414,23.44775093],[68.50009537,23.44487631],[68.50147426,23.45308554],[68.4959414,23.44775093]],[[68.49942446,23.44202006],[68.50169277,23.44344771],[68.50138855,23.44360507],[68.49942446,23.44202006]],[[68.49820793,23.43449163],[68.50123286,23.43547738],[68.49923837,23.43616223],[68.49820793,23.43449163]],[[68.50061965,23.43069434],[68.50145495,23.43026495],[68.5019294,23.43218207],[68.50061965,23.43069434]],[[68.43927336,23.49933386],[68.43781805,23.49881101],[68.43972755,23.49869394],[68.43927336,23.49933386]],[[69.63127756,22.76195145],[69.64903641,22.75607002],[69.66651714,22.75082707],[69.64303744,22.76459074],[69.63127756,22.76195145]],[[70.24366045,22.71259356],[70.24633074,22.71433866],[70.24351954,22.72023165],[70.24366045,22.71259356]],[[70.24748981,22.68824971],[70.24179316,22.68933713],[70.24282014,22.68673015],[70.24748981,22.68824971]],[[70.23505938,22.68448925],[70.23839092,22.68240321],[70.23843813,22.68273306],[70.23505938,22.68448925]],[[70.23945618,22.68370867],[70.24335957,22.68221235],[70.24382126,22.68381274],[70.23945618,22.68370867]],[[70.21569335,22.64560378],[70.22085226,22.64327931],[70.21605742,22.64667034],[70.21569335,22.64560378]],[[69.94926441,22.59891808],[69.96397507,22.59979928],[69.94769907,22.60537815],[69.94926441,22.59891808]],[[70.18942285,22.59988844],[70.19089222,22.59777915],[70.19202852,22.59815145],[70.18942285,22.59988844]],[[69.99786866,22.5884341],[69.96519566,22.57758963],[69.95792258,22.54958665],[70.02706516,22.56795502],[69.99786866,22.5884341]],[[70.18033957,22.58148134],[70.18307316,22.58251214],[70.18102384,22.58341742],[70.18033957,22.58148134]],[[70.04218352,22.56989396],[70.04600811,22.5700649],[70.04407537,22.57235801],[70.04218352,22.56989396]],[[70.04094374,22.56597304],[70.03875995,22.56615615],[70.03920591,22.5643121],[70.04094374,22.56597304]],[[70.01706922,22.55772304],[70.0244714,22.55506897],[70.02496076,22.55721414],[70.01706922,22.55772304]],[[70.02393508,22.55311668],[70.01994455,22.54789007],[70.02428246,22.55286515],[70.02393508,22.55311668]],[[70.00488281,22.54882812],[70.00111151,22.55203581],[69.99612784,22.54864705],[70.00488281,22.54882812]],[[69.95327675,22.53695166],[69.93991291,22.54809356],[69.93892181,22.53868377],[69.95327675,22.53695166]],[[69.95984006,22.54350805],[69.95464194,22.53625906],[69.96364486,22.54192245],[69.95984006,22.54350805]],[[69.95566475,22.53603303],[69.95255935,22.53275704],[69.95749605,22.53559613],[69.95566475,22.53603303]],[[69.93617105,22.53306365],[69.91660285,22.55274618],[69.89496875,22.52285111],[69.86240661,22.52755165],[69.91547358,22.51174808],[69.93617105,22.53306365]],[[69.94360924,22.53044975],[69.94736064,22.53102255],[69.94396186,22.53239191],[69.94360924,22.53044975]],[[69.36381447,22.51242185],[69.34857822,22.52709413],[69.31570375,22.52296805],[69.34764755,22.50398195],[69.36381447,22.51242185]],[[69.40342271,22.53191721],[69.40599108,22.52565443],[69.40516472,22.53250051],[69.40342271,22.53191721]],[[69.08594084,22.48861694],[69.08677316,22.48675466],[69.08909285,22.49047041],[69.08594084,22.48861694]],[[72.78600383,19.50446415],[72.78894365,19.50352716],[72.78907013,19.50399184],[72.78600383,19.50446415]],[[72.81250823,19.50358844],[72.81641352,19.49181902],[72.82735181,19.50633633],[72.81250823,19.50358844]],[[72.72833455,19.46151757],[72.73667395,19.46561813],[72.72646165,19.46717107],[72.72833455,19.46151757]],[[72.86539078,19.32398701],[72.86478066,19.32530224],[72.86061692,19.32597685],[72.86539078,19.32398701]],[[72.87352324,19.32464731],[72.85940766,19.3359375],[72.83547795,19.3359375],[72.83555424,19.33292568],[72.87352324,19.32464731]],[[72.86200786,19.32318723],[72.85777211,19.32303774],[72.86537564,19.32060885],[72.86200786,19.32318723]],[[72.78039873,19.13321507],[72.78333986,19.13465166],[72.78152955,19.13534725],[72.78039873,19.13321507]],[[72.84207714,18.70792937],[72.84203494,18.70508182],[72.84258974,18.70843816],[72.84207714,18.70792937]],[[72.81413531,18.70496321],[72.81316781,18.70232403],[72.81520772,18.70309973],[72.81413531,18.70496321]],[[72.86353636,18.6328125],[72.86553943,18.63406384],[72.86480725,18.63559747],[72.86353636,18.6328125]],[[72.96369815,18.29843557],[72.96569395,18.30099988],[72.96303797,18.30032337],[72.96369815,18.29843557]],[[73.08264863,17.81788576],[73.08606565,17.81684911],[73.08413076,17.81863844],[73.08264863,17.81788576]],[[73.30240452,16.98283303],[73.30223763,16.97981203],[73.30451131,16.97919452],[73.30240452,16.98283303]],[[73.44291115,16.10077465],[73.44447577,16.10113823],[73.44274163,16.10267854],[73.44291115,16.10077465]],[[73.45724583,16.04100025],[73.46225154,16.04372156],[73.45913875,16.04552913],[73.45724583,16.04100025]],[[73.46546411,15.89462161],[73.46739244,15.89507127],[73.46572495,15.89596903],[73.46546411,15.89462161]],[[73.46181393,15.88907576],[73.46428084,15.88684893],[73.46429336,15.88936663],[73.46181393,15.88907576]],[[73.45665824,15.88878381],[73.4548074,15.8885324],[73.45644951,15.88686824],[73.45665824,15.88878381]],[[73.79300034,15.37488496],[73.7994467,15.37793922],[73.79495025,15.37893605],[73.79300034,15.37488496]],[[73.78045261,15.35577774],[73.76090157,15.35256767],[73.78481066,15.35166395],[73.78045261,15.35577774]],[[74.09460998,14.87762904],[74.09725726,14.87699282],[74.09711301,14.87817538],[74.09460998,14.87762904]],[[74.09739852,14.84281838],[74.10165977,14.84454608],[74.09653342,14.84557664],[74.09739852,14.84281838]],[[74.14188802,14.84284961],[74.14422667,14.84181905],[74.14485931,14.84291041],[74.14188802,14.84284961]],[[74.09314775,14.83621848],[74.09471047,14.83695614],[74.09385121,14.83851266],[74.09314775,14.83621848]],[[74.05849743,14.82145274],[74.05851102,14.81908441],[74.06209028,14.82071125],[74.05849743,14.82145274]],[[74.06352425,14.82121575],[74.06497097,14.81934214],[74.06540716,14.81996155],[74.06352425,14.82121575]],[[74.05497718,14.81595695],[74.05543697,14.81704664],[74.05438936,14.81617475],[74.05497718,14.81595695]],[[74.08739352,14.79365194],[74.08866143,14.79532135],[74.08637965,14.79533434],[74.08739352,14.79365194]],[[74.11044514,14.76159096],[74.11199713,14.75496948],[74.12016642,14.75349987],[74.11044514,14.76159096]],[[74.15240562,14.74176395],[74.15838945,14.73899746],[74.15267193,14.74219322],[74.15240562,14.74176395]],[[74.23803425,14.71002972],[74.24110544,14.71018398],[74.23995101,14.71131945],[74.23803425,14.71002972]],[[74.25261307,14.70377421],[74.25516677,14.70531905],[74.25143385,14.70465088],[74.25261307,14.70377421]],[[74.40244746,14.3152703],[74.40452921,14.31270707],[74.4052248,14.31369805],[74.40244746,14.3152703]],[[74.32352233,14.01584995],[74.33062255,14.01772523],[74.32492852,14.02067316],[74.32352233,14.01584995]],[[74.47925031,14.01034713],[74.48280394,14.00670338],[74.48314476,14.01080644],[74.47925031,14.01034713]],[[74.67627776,13.63381994],[74.67659235,13.63111854],[74.67919254,13.63416374],[74.67627776,13.63381994]],[[74.67053962,13.38014483],[74.67491448,13.38044083],[74.67121744,13.38301182],[74.67053962,13.38014483]],[[74.68181336,13.34310055],[74.68725944,13.34199393],[74.68193567,13.34855723],[74.68181336,13.34310055]],[[74.68587625,13.33694363],[74.69006205,13.33551633],[74.68802881,13.34109032],[74.68587625,13.33694363]],[[74.68981647,13.33072293],[74.69241524,13.33159006],[74.68995094,13.33405495],[74.68981647,13.33072293]],[[74.69891202,13.28094077],[74.70144773,13.27941966],[74.70018923,13.28438473],[74.69891202,13.28094077]],[[74.67034066,13.19846201],[74.67621517,13.19453406],[74.67041004,13.19980621],[74.67034066,13.19846201]],[[74.93239403,12.60329855],[74.93280518,12.60369205],[74.9322443,12.60363042],[74.93239403,12.60329855]],[[75.12372911,12.19182503],[75.15707648,12.11022294],[75.12567377,12.20499587],[75.12372911,12.19182503]],[[75.12939393,12.19500947],[75.13145947,12.19577765],[75.12996757,12.19801426],[75.12939393,12.19500947]],[[75.13217688,12.18901336],[75.13371396,12.18990135],[75.13139296,12.19130385],[75.13217688,12.18901336]],[[75.13522744,12.18174756],[75.14356232,12.16785204],[75.15064836,12.14698434],[75.15189242,12.15941107],[75.13522744,12.18174756]],[[75.14981711,12.13940513],[75.16200626,12.13411665],[75.15231526,12.14257598],[75.14981711,12.13940513]],[[75.16304398,12.11526978],[75.16581142,12.10335255],[75.16853714,12.09614444],[75.16304398,12.11526978]],[[75.16479242,12.10128427],[75.16429234,12.0894829],[75.18187594,12.05026734],[75.16479242,12.10128427]],[[72.70706105,11.68031335],[72.71667361,11.69222271],[72.71701455,11.7018218],[72.71374905,11.70627117],[72.70706105,11.68031335]],[[72.18562317,11.59645796],[72.18928826,11.59827304],[72.18506563,11.60086846],[72.18562317,11.59645796]],[[72.99918342,11.49780405],[73.00752616,11.46765554],[73.00937223,11.48579526],[72.99918342,11.49780405]],[[73.00253797,11.48529744],[73.00109315,11.48507321],[73.00188136,11.48442185],[73.00253797,11.48529744]],[[72.77813244,11.24057853],[72.76147056,11.18004131],[72.79009545,11.25966704],[72.77813244,11.24057853]],[[72.10591614,11.20968831],[72.10376441,11.20875752],[72.10395181,11.20824361],[72.10591614,11.20968831]],[[72.10444856,11.21286643],[72.10335207,11.21470714],[72.10009026,11.21467066],[72.10444856,11.21286643]],[[72.71624541,11.12490034],[72.72895467,11.11959851],[72.73294556,11.1355561],[72.71624541,11.12490034]],[[72.33235014,10.95828676],[72.33403301,10.95632267],[72.33427262,10.95807815],[72.33235014,10.95828676]],[[72.31508362,10.94835222],[72.31771266,10.94366753],[72.32650673,10.95308685],[72.31508362,10.94835222]],[[72.29087603,10.93603122],[72.28577054,10.94463766],[72.28447604,10.9352684],[72.29087603,10.93603122]],[[72.17138767,10.81725943],[72.20369005,10.86868405],[72.20621586,10.87737274],[72.19435501,10.87010002],[72.17138767,10.81725943]],[[73.67716682,10.82148612],[73.66231286,10.80845416],[73.70252132,10.81574774],[73.67716682,10.82148612]],[[72.16927493,10.81221545],[72.16538846,10.81273973],[72.16524971,10.81222546],[72.16927493,10.81221545]],[[72.61734843,10.54056704],[72.64888442,10.56200862],[72.64591456,10.57651651],[72.63904607,10.57629085],[72.61734843,10.54056704]],[[76.17342484,10.18379903],[76.22395158,9.97815466],[76.24495184,9.97240305],[76.23044205,10.01716995],[76.23892021,10.03027344],[76.20630455,10.13381827],[76.19944572,10.14372611],[76.19343281,10.16198754],[76.18579865,10.16515136],[76.17771065,10.17420936],[76.17342484,10.18379903]],[[76.19368637,10.16339004],[76.23928225,10.07550788],[76.22599113,10.12683392],[76.25899124,10.09108055],[76.26027775,10.04743707],[76.24069703,10.07072937],[76.25464642,10.03903663],[76.25458205,10.04730475],[76.25986302,10.04283345],[76.26757205,10.05729175],[76.27911937,10.06098831],[76.28459108,10.09586072],[76.29544568,10.09476054],[76.30393505,10.07675993],[76.3300004,10.08197653],[76.34803724,10.11368704],[76.35616994,10.11656725],[76.32862747,10.15073383],[76.29288685,10.13560271],[76.20932555,10.19349802],[76.17722726,10.18273473],[76.18033195,10.17282951],[76.19368637,10.16339004]],[[76.24094713,10.17385495],[76.23965895,10.18046415],[76.23348701,10.18225634],[76.24094713,10.17385495]],[[76.26850581,10.05709636],[76.27881944,10.04731667],[76.27881396,10.0593096],[76.26850581,10.05709636]],[[76.25991666,10.04147685],[76.24983037,10.02998734],[76.26779902,9.98249924],[76.25764811,10.02575815],[76.25998116,10.03399885],[76.26915836,10.03731894],[76.25991666,10.04147685]],[[76.25952506,10.02889371],[76.25926256,10.02523005],[76.26151025,10.02983832],[76.25952506,10.02889371]],[[76.26809943,9.99694455],[76.27002585,9.99980903],[76.26774085,10.00285101],[76.26809943,9.99694455]],[[76.25867975,9.98982584],[76.24002326,10.01374984],[76.25055325,9.97633564],[76.25867975,9.98982584]],[[76.24390185,9.97837305],[76.24323797,9.97927284],[76.24356127,9.97828865],[76.24390185,9.97837305]],[[76.25052643,10.01388574],[76.25377882,10.01242685],[76.25285804,10.01699221],[76.25052643,10.01388574]],[[76.24790883,10.09064245],[76.24271405,10.10068274],[76.23822236,10.10182548],[76.24790883,10.09064245]],[[76.26900423,9.97248423],[76.27249587,9.97161186],[76.27239573,9.97286117],[76.26900423,9.97248423]],[[72.28699911,10.04085445],[72.28392124,10.04330885],[72.28159893,10.03856945],[72.28699911,10.04085445]],[[73.65149581,10.10448074],[73.63553667,10.07155633],[73.64217055,10.05692697],[73.64774084,10.06087244],[73.65149581,10.10448074]],[[73.63355506,10.06870925],[73.62984931,10.06845784],[73.63058245,10.06735206],[73.63355506,10.06870925]],[[73.62798083,10.07170761],[73.6286273,10.07518494],[73.62559915,10.07301855],[73.62798083,10.07170761]],[[72.33173525,10.12781334],[72.32624555,10.12699103],[72.33151436,10.12467313],[72.33173525,10.12781334]],[[73.65850461,10.15387714],[73.66515982,10.14124823],[73.66073191,10.1559],[73.65850461,10.15387714]],[[76.25787616,9.96838176],[76.26756525,9.93926513],[76.29392397,9.92556226],[76.27481365,9.96597195],[76.25787616,9.96838176]],[[73.04696357,8.27627921],[73.01792765,8.27649307],[73.04929531,8.2667706],[73.06720495,8.28585374],[73.08052921,8.32775033],[73.04696357,8.27627921]],[[73.01285112,8.27869046],[73.00994766,8.28023481],[73.01080811,8.27722406],[73.01285112,8.27869046]],[[77.55393851,8.0769304],[77.55603921,8.0787518],[77.5534451,8.07810831],[77.55393851,8.0769304]],[[78.11746144,8.64184451],[78.12464404,8.64957392],[78.11699426,8.65660095],[78.11746144,8.64184451]],[[78.12652576,8.6471225],[78.12772477,8.64336824],[78.12750053,8.64751506],[78.12652576,8.6471225]],[[78.21216905,8.83860242],[78.21026063,8.83554685],[78.21278393,8.83659935],[78.21216905,8.83860242]],[[78.22641265,8.87202942],[78.22310805,8.87248754],[78.22688496,8.86719656],[78.22641265,8.87202942]],[[78.25538528,8.95532954],[78.25206506,8.95316505],[78.25453687,8.95289254],[78.25538528,8.95532954]],[[78.49517632,9.09059095],[78.48810792,9.09014535],[78.49319625,9.08576477],[78.49517632,9.09059095]],[[78.58630657,9.10922504],[78.57700765,9.11068595],[78.57191026,9.10233974],[78.58630657,9.10922504]],[[78.53802907,9.10297823],[78.53496575,9.10287511],[78.5349375,9.10248315],[78.53802907,9.10297823]],[[78.69612408,9.15104663],[78.69499195,9.15524936],[78.69298625,9.15160406],[78.69612408,9.15104663]],[[78.7292031,9.15218377],[78.73204136,9.1553539],[78.73010492,9.15629625],[78.7292031,9.15218377]],[[78.81493962,9.15819383],[78.82869995,9.16583323],[78.82810438,9.1712234],[78.81493962,9.15819383]],[[79.43960762,9.15823054],[79.32602096,9.26181972],[79.32112944,9.32474542],[79.20536053,9.28018415],[79.21624565,9.25246561],[79.29895306,9.24643636],[79.43960762,9.15823054]],[[78.8990345,9.17909777],[78.93121433,9.18143225],[78.94104195,9.18523991],[78.90518343,9.18323064],[78.8990345,9.17909777]],[[78.96543956,9.1884433],[78.97083735,9.18584812],[78.96695757,9.18919933],[78.96543956,9.1884433]],[[79.08659434,9.19174135],[79.06923425,9.20812225],[79.05842936,9.19709516],[79.08659434,9.19174135]],[[79.13954735,9.2121073],[79.13893461,9.21385586],[79.13867784,9.21337652],[79.13954735,9.2121073]],[[79.12994206,9.21296322],[79.12461698,9.21794224],[79.12112546,9.21604896],[79.12994206,9.21296322]],[[79.19837165,9.23249126],[79.19835532,9.23360384],[79.17878032,9.24393213],[79.19837165,9.23249126]],[[79.21898556,9.25083697],[79.20101023,9.24114394],[79.22245336,9.24763381],[79.21898556,9.25083697]],[[79.23135424,9.24381495],[79.23834968,9.24400544],[79.23168445,9.24449682],[79.23135424,9.24381495]],[[79.84435666,10.82647741],[79.84018695,10.82384396],[79.84542871,10.82565463],[79.84435666,10.82647741]],[[80.21183503,15.49953461],[80.20939422,15.49954557],[80.21169555,15.49922216],[80.21183503,15.49953461]],[[80.84929276,15.71118462],[80.92598701,15.72374642],[80.87237155,15.78498816],[80.86276245,15.82377887],[80.83448017,15.73976445],[80.84929276,15.71118462]],[[80.8307662,15.73719418],[80.80321085,15.74392617],[80.78245068,15.79227924],[80.79751074,15.74379826],[80.8249228,15.71196425],[80.8307662,15.73719418]],[[80.86868012,15.81337273],[80.93927705,15.71837866],[81.00634885,15.75790656],[80.90069485,15.82738376],[80.88372636,15.84883201],[80.86868012,15.81337273]],[[80.87855923,15.84928036],[80.88922131,15.85732853],[80.88838184,15.863644],[80.87855923,15.84928036]],[[80.96702004,15.79539263],[80.96928465,15.79501331],[80.96478331,15.79781365],[80.96702004,15.79539263]],[[80.97440183,15.78074694],[80.97417104,15.78174972],[80.97205305,15.78221488],[80.97440183,15.78074694]],[[81.02961385,15.76494575],[81.02061868,15.75825441],[81.02058756,15.75763845],[81.02396953,15.75799715],[81.02961385,15.76494575]],[[80.89121032,15.76600301],[80.8903867,15.76520646],[80.89278615,15.76338446],[80.89121032,15.76600301]],[[80.88367271,15.77916133],[80.87889421,15.78223264],[80.88302112,15.77777386],[80.88367271,15.77916133]],[[81.71896267,16.31048965],[81.94785738,16.39787662],[81.95997524,16.4401499],[81.95654714,16.47361314],[81.96524107,16.5135324],[81.94262195,16.54175901],[81.93627596,16.56190276],[81.91901982,16.5620296],[81.92218053,16.53058088],[81.91057014,16.5234375],[81.88935578,16.54199302],[81.87242997,16.59150684],[81.87239075,16.55561733],[81.853899,16.48794115],[81.7952497,16.4649626],[81.75568295,16.41462827],[81.71224272,16.44064832],[81.71896267,16.31048965]],[[81.81634104,16.47572565],[81.80134976,16.47412908],[81.79953015,16.47140658],[81.81634104,16.47572565]],[[81.83409894,16.48096275],[81.82145286,16.48765624],[81.81302905,16.48117375],[81.83409894,16.48096275]],[[81.85296571,16.52194512],[81.84661913,16.52838647],[81.85015464,16.51913095],[81.85296571,16.52194512]],[[81.87066984,16.55803382],[81.86436605,16.60280514],[81.85836625,16.54270816],[81.87066984,16.55803382]],[[81.84131432,16.67771494],[81.87436068,16.61428416],[81.89332914,16.57859325],[81.90111065,16.53490508],[81.91618705,16.52985477],[81.9126513,16.56419814],[81.92119265,16.56947541],[81.93240035,16.56745791],[81.97399437,16.51347506],[81.96043706,16.40387416],[82.31086564,16.57018971],[82.26795185,16.56409812],[82.29959953,16.59145033],[82.265625,16.59458697],[82.29234421,16.60825825],[82.265625,16.64229906],[82.23675144,16.63567603],[82.22686625,16.64104581],[82.20694923,16.6169486],[82.19812715,16.61245906],[82.19222903,16.60217655],[82.18807864,16.60145605],[82.16266346,16.60985851],[82.15593696,16.6170485],[82.15617883,16.62030315],[82.16398156,16.62554336],[82.15903413,16.63790107],[82.15744042,16.65186036],[82.16107011,16.66878104],[82.14168084,16.68414092],[82.07935405,16.66269731],[82.05028772,16.67062616],[82.036466,16.684237],[81.99860632,16.69084823],[81.97642231,16.70332003],[81.95147777,16.69170415],[81.92404854,16.72470653],[81.85765171,16.76265454],[81.82321346,16.79402935],[81.76542246,16.88493276],[81.75325561,16.94582558],[81.76043165,16.78794694],[81.80032325,16.73798954],[81.80263793,16.69737518],[81.84131432,16.67771494]],[[81.83122003,16.67714691],[81.82258284,16.67385662],[81.83669996,16.66487575],[81.83122003,16.67714691]],[[81.75846875,16.79980373],[81.7495718,16.79554713],[81.75520372,16.78699994],[81.75846875,16.79980373]],[[81.75876522,16.80757582],[81.75532901,16.80732512],[81.7582581,16.80560505],[81.75876522,16.80757582]],[[81.73522055,16.91673315],[81.72996902,16.91556466],[81.73180866,16.91015553],[81.73522055,16.91673315]],[[81.74495626,16.93346405],[81.74122786,16.94290185],[81.74152517,16.92918944],[81.74495626,16.93346405]],[[81.73345351,16.93877685],[81.73179984,16.94071496],[81.73313463,16.93863833],[81.73345351,16.93877685]],[[81.74710846,16.94910061],[81.751616,16.94902766],[81.74953985,16.95735085],[81.74710846,16.94910061]],[[81.7454921,16.95199931],[81.74794507,16.96088791],[81.75026417,16.96708345],[81.7470684,16.96341085],[81.7454921,16.95199931]],[[81.75115442,16.95622158],[81.76331866,16.96949875],[81.75674272,16.99527884],[81.7577368,16.98151815],[81.75115442,16.95622158]],[[81.75132406,16.99380744],[81.74739683,16.99212933],[81.74802983,16.98691201],[81.75132406,16.99380744]],[[81.77300191,16.97783875],[81.77668595,16.98460364],[81.77377653,16.9876374],[81.77300191,16.97783875]],[[81.76557541,16.95846891],[81.76355565,16.93483865],[81.76679623,16.93267703],[81.76557541,16.95846891]],[[81.76327681,16.94303107],[81.75974035,16.94292355],[81.76167417,16.93935335],[81.76327681,16.94303107]],[[81.76444674,16.95239985],[81.76256275,16.95063317],[81.76340926,16.94952035],[81.76444674,16.95239985]],[[81.7961055,16.86385131],[81.77595103,16.89771783],[81.78124332,16.92387915],[81.76897848,16.90607977],[81.7961055,16.86385131]],[[81.78696346,16.88964844],[81.78975964,16.88793707],[81.78768444,16.89070535],[81.78696346,16.88964844]],[[81.79337692,16.875],[81.80506325,16.86771715],[81.79436207,16.87829542],[81.79337692,16.875]],[[81.82165086,16.82492006],[81.82346952,16.82287538],[81.82085586,16.83123612],[81.82165086,16.82492006]],[[81.8299216,16.81010938],[81.83229411,16.81300211],[81.83102036,16.81406867],[81.8299216,16.81010938]],[[81.87922454,16.75636518],[81.8857758,16.75983715],[81.87319756,16.76043367],[81.84994352,16.7754364],[81.87922454,16.75636518]],[[81.87162375,16.76576602],[81.87253702,16.76727962],[81.86960661,16.76734996],[81.87162375,16.76576602]],[[81.90890086,16.74172115],[81.88526976,16.75404096],[81.89095891,16.74842727],[81.90890086,16.74172115]],[[82.00309074,16.72113836],[82.01277792,16.71192038],[82.02063715,16.71061635],[82.00309074,16.72113836]],[[81.97979271,16.71145093],[81.96196115,16.71155286],[81.94519842,16.71747744],[81.95326555,16.70441473],[81.97979271,16.71145093]],[[81.99126041,16.70241404],[81.9982326,16.69205904],[82.01568055,16.69014704],[81.98371506,16.70899034],[81.99126041,16.70241404]],[[82.03355992,16.68660402],[82.04550993,16.67760813],[82.03771925,16.69094455],[81.99170876,16.71002805],[82.03355992,16.68660402]],[[82.05716145,16.67485547],[82.08242965,16.66419601],[82.11624324,16.6931535],[82.14232266,16.68810213],[82.15646815,16.70803952],[82.17593515,16.71121287],[82.11231375,16.70841646],[82.05716145,16.67485547]],[[82.09240878,16.70087647],[82.09072876,16.7065953],[82.08605385,16.70265508],[82.09240878,16.70087647]],[[82.08547401,16.70580673],[82.08331835,16.70910597],[82.08377135,16.70685005],[82.08547401,16.70580673]],[[82.08511758,16.71434641],[82.0921489,16.71186995],[82.09150386,16.71838725],[82.08511758,16.71434641]],[[82.12859905,16.71767068],[82.13288474,16.71098125],[82.13655794,16.71468425],[82.12859905,16.71767068]],[[82.13535607,16.71663153],[82.13749147,16.71898675],[82.13423562,16.71841562],[82.13535607,16.71663153]],[[82.17630005,16.7218312],[82.19010282,16.71326435],[82.19744206,16.71576357],[82.17630005,16.7218312]],[[82.21490514,16.72071505],[82.21765852,16.71609151],[82.22160733,16.71765625],[82.21490514,16.72071505]],[[82.22781694,16.71610951],[82.23351097,16.71621215],[82.2233566,16.72030997],[82.22781694,16.71610951]],[[82.24739015,16.70553005],[82.14245021,16.68504941],[82.162992,16.66935301],[82.16660881,16.62757707],[82.15741265,16.61671054],[82.19126725,16.60267854],[82.19715512,16.61421216],[82.22391987,16.64116216],[82.25876534,16.64348316],[82.25396895,16.65656221],[82.26146185,16.66805434],[82.24739015,16.70553005]],[[82.31031096,16.70114291],[82.25794208,16.70159376],[82.26591587,16.67145646],[82.25580561,16.65557313],[82.31107533,16.60246992],[82.30966854,16.65077424],[82.31454623,16.64747775],[82.31252897,16.63847351],[82.31855965,16.62875783],[82.36811674,16.7237215],[82.34008443,16.71817601],[82.35301971,16.70694172],[82.33694935,16.69118345],[82.33185494,16.72470045],[82.31031096,16.70114291]],[[82.30744517,16.71328914],[82.30221891,16.71423757],[82.30045295,16.7114619],[82.30744517,16.71328914]],[[82.31407106,16.71972287],[82.30936158,16.72034574],[82.31007385,16.71902096],[82.31407106,16.71972287]],[[82.26352024,16.67393863],[82.26082945,16.67585957],[82.2620579,16.66982412],[82.26352024,16.67393863]],[[82.15749645,16.6959275],[82.15499997,16.70412707],[82.15101635,16.69358683],[82.15749645,16.6959275]],[[82.18156266,16.70924747],[82.17707825,16.70945573],[82.18111753,16.70802796],[82.18156266,16.70924747]],[[82.09760761,16.71144128],[82.09384465,16.71082604],[82.09650576,16.7085253],[82.09760761,16.71144128]],[[81.98942995,16.70290923],[81.98589146,16.7036339],[81.98554432,16.70130825],[81.98942995,16.70290923]],[[81.98829114,16.71225905],[81.98896492,16.71453965],[81.98399556,16.71311975],[81.98829114,16.71225905]],[[82.31542826,16.5757215],[82.31693411,16.57389736],[82.31711054,16.57637417],[82.31542826,16.5757215]],[[81.9605391,16.4713099],[81.95995343,16.47404826],[81.96019983,16.47099364],[81.9605391,16.4713099]],[[81.9675014,16.49485636],[81.96182466,16.49313915],[81.96212065,16.48610842],[81.9675014,16.49485636]],[[81.96619785,16.50129735],[81.97154856,16.50299251],[81.96889055,16.50924695],[81.96619785,16.50129735]],[[81.95784306,16.52999544],[81.95295692,16.53158677],[81.95793498,16.52885973],[81.95784306,16.52999544]],[[81.94778407,16.54346204],[81.94466448,16.54061115],[81.95012915,16.53591704],[81.94778407,16.54346204]],[[81.92401743,16.56682873],[81.9210577,16.56654978],[81.92088008,16.56567383],[81.92401743,16.56682873]],[[81.9140625,16.56305802],[81.91577005,16.56070793],[81.91804016,16.56497383],[81.9140625,16.56305802]],[[81.89545453,16.55053377],[81.89127004,16.54877865],[81.89235854,16.54331207],[81.89545453,16.55053377]],[[83.17202175,17.56700182],[83.17077124,17.56662977],[83.17097521,17.56587636],[83.17202175,17.56700182]],[[83.31188071,17.68465495],[83.29822397,17.67916512],[83.30406475,17.68051708],[83.31188071,17.68465495]],[[83.30414975,17.68235207],[83.30295944,17.68287396],[83.30318511,17.68255126],[83.30414975,17.68235207]],[[85.05222225,19.37083316],[85.04916656,19.37416661],[85.04472208,19.37555551],[85.05083334,19.36805546],[85.05833316,19.36861098],[85.05222225,19.37083316]],[[85.04859555,19.36910272],[85.04833364,19.36821854],[85.04878688,19.36836123],[85.04859555,19.36910272]],[[85.05499995,19.37055552],[85.05999994,19.37027764],[85.05222225,19.37305546],[85.05499995,19.37055552]],[[86.24080241,19.9097898],[86.23677862,19.90835381],[86.23703575,19.90803027],[86.24080241,19.9097898]],[[86.37293255,19.97315455],[86.3643167,19.96943676],[86.37146282,19.96816742],[86.37293255,19.97315455]],[[86.41195238,20.01943958],[86.40976048,20.02153695],[86.40918088,20.01769996],[86.41195238,20.01943958]],[[86.42638874,20.03861105],[86.42166662,20.03833318],[86.42083335,20.03194427],[86.42638874,20.03861105]],[[86.43466365,20.05143845],[86.43245614,20.05673277],[86.43275476,20.05092025],[86.43466365,20.05143845]],[[86.55511236,20.20628166],[86.55332804,20.20641673],[86.55261421,20.20526958],[86.55511236,20.20628166]],[[86.79327106,20.36622524],[86.79105735,20.3732084],[86.79115546,20.36565042],[86.79327106,20.36622524]],[[86.80370951,20.37141192],[86.81472754,20.40646923],[86.80257726,20.4204216],[86.80644441,20.41061223],[86.80370951,20.37141192]],[[86.7929728,20.38395381],[86.79325795,20.38763142],[86.7910583,20.38550794],[86.7929728,20.38395381]],[[86.78795195,20.40541482],[86.79530478,20.39336526],[86.79111612,20.42873132],[86.78795195,20.40541482]],[[86.79689634,20.37653375],[86.79171395,20.37535071],[86.79656661,20.37461615],[86.79689634,20.37653375]],[[86.80336654,20.46198285],[86.80129635,20.4615792],[86.8025099,20.45949745],[86.80336654,20.46198285]],[[86.80462217,20.49174571],[86.80077946,20.47335291],[86.80412924,20.46392536],[86.80933964,20.47669876],[86.80462217,20.49174571]],[[86.76375485,20.50330651],[86.8846004,20.61598766],[87.04491413,20.70993233],[86.99928415,20.69528306],[86.93404317,20.71078825],[86.84589624,20.65097725],[86.84039915,20.65198863],[86.82626236,20.67333424],[86.80124736,20.67461765],[86.79675067,20.66500711],[86.80556536,20.66875362],[86.81139731,20.66571355],[86.81662714,20.66001594],[86.82279694,20.64773107],[86.82279611,20.64357555],[86.82002342,20.63878202],[86.81565785,20.63658381],[86.79476845,20.64530265],[86.78466642,20.64294934],[86.77296591,20.64483225],[86.76428163,20.61693537],[86.71378446,20.59361052],[86.71020925,20.56640625],[86.73837996,20.52379274],[86.74777722,20.52525675],[86.75582898,20.52044547],[86.76375485,20.50330651]],[[86.75388885,20.51916671],[86.74277782,20.52222216],[86.75416672,20.51694441],[86.75388885,20.51916671]],[[86.72871256,20.60989976],[86.73765063,20.62900841],[86.74085474,20.64577544],[86.72871256,20.60989976]],[[86.74194443,20.62333334],[86.74527764,20.62805545],[86.74305546,20.63027775],[86.74194443,20.62333334]],[[86.77414525,20.64838636],[86.79444575,20.64613915],[86.80562985,20.64529896],[86.81884766,20.63877284],[86.79548848,20.66538847],[86.79665101,20.67230153],[86.80364442,20.67658877],[86.81723142,20.67686784],[86.82988584,20.67258823],[86.84176373,20.65238261],[86.85903943,20.66165423],[86.85580015,20.66569447],[86.85627413,20.66994011],[86.86378443,20.67817235],[86.85608876,20.68217647],[86.85623181,20.68601334],[86.88372421,20.70690835],[86.8756361,20.71828485],[86.8781414,20.73271692],[86.88493252,20.70722747],[86.85863936,20.66478813],[86.89384317,20.69582355],[86.93137574,20.71561372],[86.99584675,20.70986974],[86.99467635,20.76855373],[86.84411943,20.77129304],[86.80164361,20.68287158],[86.77414525,20.64838636]],[[86.79763317,20.6892271],[86.7897222,20.68277764],[86.78967035,20.67493534],[86.79763317,20.6892271]],[[86.86510634,20.77816236],[86.86831236,20.77954924],[86.86393774,20.78041637],[86.86510634,20.77816236]],[[86.86520398,20.78275442],[86.87977242,20.77345002],[86.95152652,20.77470064],[86.86520398,20.78275442]],[[86.9439522,20.78409481],[86.94514275,20.78661525],[86.94360411,20.78508842],[86.9439522,20.78409481]],[[86.98322165,20.78242087],[86.98666477,20.77896142],[86.98745203,20.78035915],[86.98322165,20.78242087]],[[86.87714124,20.774616],[86.87452507,20.77410078],[86.87742054,20.77292526],[86.87714124,20.774616]],[[87.09389257,20.75294852],[87.07894421,20.75819492],[87.07237864,20.75402296],[87.09389257,20.75294852]],[[87.07200181,20.74881387],[87.06797135,20.73680663],[87.06977701,20.73507881],[87.07200181,20.74881387]],[[87.05762362,20.74398911],[87.04918754,20.74411905],[87.04905283,20.74372196],[87.05762362,20.74398911]],[[87.00941551,20.71782172],[87.00253153,20.70861506],[87.01555085,20.71162605],[87.00941551,20.71782172]],[[87.00603688,20.71342134],[87.00480294,20.71554875],[87.00235558,20.71041167],[87.00603688,20.71342134]],[[86.87333334,20.67555547],[86.87833333,20.67777765],[86.87833333,20.67944443],[86.87333334,20.67555547]],[[87.00250006,20.83222222],[87.00457835,20.81226754],[87.01650965,20.79769731],[87.01915145,20.82152605],[87.00250006,20.83222222]],[[88.52911675,21.55475855],[88.53223252,21.5805788],[88.49292362,21.5978899],[88.48175847,21.55450106],[88.52911675,21.55475855]],[[88.28775144,21.56365275],[88.31147301,21.67224348],[88.26260614,21.72938001],[88.27148032,21.75458395],[88.21754766,21.76216435],[88.22096801,21.70144296],[88.19783676,21.68856156],[88.23286045,21.66926146],[88.23700583,21.64442122],[88.21644413,21.61637068],[88.24780631,21.56444752],[88.28775144,21.56365275]],[[88.18876708,21.58149624],[88.16794133,21.59180105],[88.18697393,21.55995536],[88.18876708,21.58149624]],[[88.02113783,21.57138705],[88.01706624,21.57185614],[88.02077055,21.56695676],[88.02113783,21.57138705]],[[88.22616124,21.67046905],[88.19556296,21.68224096],[88.19847715,21.6944195],[88.21657705,21.70102716],[88.20316005,21.72180927],[88.18127358,21.68567824],[88.21168578,21.60189486],[88.22616124,21.67046905]],[[88.12481463,21.62854016],[88.15478456,21.6501441],[88.14359391,21.67930615],[88.17010236,21.73848045],[88.1635288,21.796875],[88.16479695,21.80531287],[88.17232656,21.81159973],[88.13473988,21.87747073],[88.03660154,21.67430294],[88.05684566,21.64047194],[88.12481463,21.62854016]],[[88.17819583,21.82405186],[88.18168485,21.82629442],[88.17827153,21.82550871],[88.17819583,21.82405186]],[[88.16717577,21.80674243],[88.17024064,21.79067433],[88.17133093,21.80801201],[88.16717577,21.80674243]],[[88.17890286,21.79160464],[88.18526375,21.78915405],[88.18074083,21.79560184],[88.17890286,21.79160464]],[[88.19392717,21.76303172],[88.20225537,21.76135325],[88.19939411,21.76935875],[88.19392717,21.76303172]],[[88.19658566,21.73146606],[88.19961596,21.72810543],[88.20118594,21.73666775],[88.19658566,21.73146606]],[[88.27749515,21.73828232],[88.29978466,21.70637131],[88.28915894,21.77850378],[88.27749515,21.73828232]],[[88.28115356,21.76942897],[88.28180444,21.76583946],[88.2828722,21.76543176],[88.28115356,21.76942897]],[[88.27317512,21.77666795],[88.28532433,21.78782284],[88.2634716,21.79254222],[88.27317512,21.77666795]],[[88.29365325,21.77577424],[88.31037044,21.79391265],[88.29390574,21.80257356],[88.31122816,21.79505944],[88.30708015,21.71391892],[88.33235443,21.71040988],[88.343104,21.75986373],[88.35667253,21.76680183],[88.37812841,21.76923692],[88.35133135,21.82193077],[88.35132885,21.85515511],[88.31458366,21.85711801],[88.31517255,21.84417558],[88.3057965,21.82853425],[88.26284015,21.81109142],[88.26253033,21.79519105],[88.28493667,21.7898494],[88.29365325,21.77577424]],[[88.38298976,21.78004885],[88.42284775,21.71993506],[88.42055321,21.76569021],[88.44264984,21.79963815],[88.43074775,21.79886115],[88.41749036,21.80905604],[88.38298976,21.78004885]],[[88.41841936,21.81163311],[88.43038547,21.80042291],[88.44470823,21.80184615],[88.46356893,21.79075372],[88.45018506,21.80367994],[88.44772375,21.81455362],[88.47662914,21.83729863],[88.48899162,21.83828425],[88.48218274,21.88772345],[88.41879416,21.90197623],[88.39246047,21.83245265],[88.40188491,21.79770982],[88.41841936,21.81163311]],[[88.44523466,21.90623498],[88.45602834,21.91392672],[88.44236743,21.90845156],[88.44523466,21.90623498]],[[88.47842085,21.90334153],[88.49877775,21.89611423],[88.50855064,21.91222513],[88.47842085,21.90334153]],[[88.52563083,21.84964705],[88.51610863,21.83913803],[88.5256474,21.83595145],[88.52563083,21.84964705]],[[88.53649497,21.85371673],[88.54079151,21.85506165],[88.54161656,21.85737574],[88.53649497,21.85371673]],[[88.54203546,21.85500264],[88.55290747,21.81750953],[88.57084894,21.90080261],[88.56258464,21.89739418],[88.54140055,21.9026618],[88.55014694,21.88017535],[88.54203546,21.85500264]],[[88.59949791,21.86812067],[88.62191725,21.82940686],[88.61867464,21.80020201],[88.6388272,21.7848798],[88.65347016,21.86755538],[88.63223386,21.87062585],[88.62035751,21.89768791],[88.59949791,21.86812067]],[[88.63438463,21.87056684],[88.65214777,21.87249577],[88.66706753,21.91336346],[88.63735914,21.92112136],[88.63438463,21.87056684]],[[88.71888876,21.90916657],[88.7919445,21.87861097],[88.79333317,21.87277782],[88.78805554,21.86472225],[88.81444442,21.90138876],[88.79999995,21.91916656],[88.73611104,21.91805553],[88.72372806,21.93182743],[88.71888876,21.90916657]],[[88.74068356,21.92194736],[88.79170322,21.92049468],[88.80569375,21.93634117],[88.76721847,21.94507146],[88.75033271,21.95519745],[88.75305414,21.97683108],[88.72823536,21.97960603],[88.74068356,21.92194736]],[[88.68176234,21.95309555],[88.68720663,21.99159884],[88.6930176,21.97006297],[88.71569896,22.00031555],[88.65328467,22.0192672],[88.62867725,21.9583081],[88.68176234,21.95309555]],[[88.68362045,22.01789534],[88.73903132,22.01650834],[88.68287635,22.08019984],[88.73803473,22.13437498],[88.78938091,22.16913056],[88.76867366,22.17998564],[88.7653445,22.19191122],[88.73268223,22.19386578],[88.68415225,22.20757747],[88.65310931,22.16343915],[88.63415027,22.10618782],[88.68362045,22.01789534]],[[88.63277781,22.06055546],[88.62916672,22.05305552],[88.63555551,22.04861104],[88.63277781,22.06055546]],[[88.75137186,22.22784495],[88.76720905,22.19425118],[88.79408324,22.17057443],[88.80985963,22.18324387],[88.8366394,22.16856182],[88.82809317,22.19403136],[88.81819105,22.19558775],[88.80551136,22.20834255],[88.79867828,22.22574866],[88.82566595,22.24088323],[88.82639337,22.26387537],[88.81525814,22.26420796],[88.81386805,22.28299224],[88.7950778,22.27633333],[88.79186416,22.2584753],[88.75137186,22.22784495]],[[88.80416381,22.32951307],[88.82738721,22.26516676],[88.82821238,22.24123776],[88.80044556,22.22591054],[88.81894553,22.1964128],[88.82951474,22.2100445],[88.83620191,22.20758057],[88.84369171,22.190274],[88.85503113,22.20629811],[88.88323927,22.20132101],[88.88114381,22.21184313],[88.84882104,22.20985091],[88.84181452,22.2116971],[88.83934891,22.21534955],[88.85804224,22.24402392],[88.8756181,22.25259018],[88.84111846,22.21408045],[88.883587,22.21213114],[88.88503027,22.20156646],[88.86628938,22.19429863],[88.87228918,22.17113197],[88.89918435,22.17754495],[88.91906893,22.16550457],[88.90442085,22.19717634],[88.91394746,22.21612513],[88.90016234,22.22286117],[88.88612294,22.23485196],[88.88734424,22.26458275],[88.86448145,22.27011371],[88.84330475,22.28984785],[88.88826561,22.2652353],[88.90362775,22.22298348],[88.91903496,22.23291254],[88.95246124,22.22435308],[88.93495965,22.30208445],[88.87071454,22.35747671],[88.82053006,22.35956717],[88.80416381,22.32951307]],[[88.89837563,22.33690333],[88.87497878,22.38674426],[88.88077807,22.40275705],[88.86532652,22.38563061],[88.86167145,22.41079974],[88.86104023,22.37073576],[88.89837563,22.33690333]],[[88.87054372,22.40769005],[88.87372994,22.40670776],[88.86596155,22.41077673],[88.87054372,22.40769005]],[[88.88232851,22.40325606],[88.87676513,22.38662612],[88.89760792,22.36650014],[88.88812613,22.37814856],[88.92141271,22.40257621],[88.90283108,22.41475976],[88.89230335,22.46536362],[88.89508462,22.5541023],[88.84356201,22.50692582],[88.86765635,22.4876281],[88.85609686,22.42257106],[88.88232851,22.40325606]],[[88.81647992,22.43309164],[88.82170033,22.43440425],[88.78068721,22.5],[88.80085647,22.46129704],[88.80365813,22.44458663],[88.81647992,22.43309164]],[[88.85916662,22.46944427],[88.85805547,22.46833324],[88.85611105,22.45888877],[88.85888875,22.46361113],[88.85916662,22.46944427]],[[88.90131295,22.54714227],[88.91445231,22.51034308],[88.89465845,22.46609926],[88.92083406,22.42588902],[88.9075098,22.41594934],[88.92510045,22.40716434],[88.92987955,22.39104235],[88.89643574,22.38020015],[88.9076792,22.33517873],[88.94206965,22.30975378],[88.95341468,22.36487508],[88.94482732,22.37007141],[88.93422186,22.39593112],[88.93965483,22.41926777],[88.9584769,22.36497116],[88.96442676,22.40963864],[88.99859786,22.43002045],[88.99514926,22.46733296],[88.95986521,22.5487076],[88.91923904,22.5652163],[88.90131295,22.54714227]],[[88.97053635,22.40879083],[88.94718528,22.25546277],[88.97164404,22.21019924],[89.01961815,22.20556283],[89.0229274,22.16647685],[89.06215155,22.12838125],[89.09604287,22.15561664],[89.06762135,22.1484375],[89.06709206,22.19823062],[88.99416947,22.28555512],[88.99981165,22.29779625],[89.02328563,22.29689145],[88.9835937,22.32542455],[88.98245382,22.37444043],[88.98882365,22.39134204],[88.97053635,22.40879083]],[[88.98918784,22.38538516],[88.99595082,22.38567388],[88.99445045,22.39062834],[88.98918784,22.38538516]],[[88.99685955,22.19918931],[88.97292495,22.19347584],[88.99675083,22.14014566],[88.96247125,22.0607177],[88.97849655,22.03990674],[88.98512435,22.05673373],[89.0147469,22.06437027],[89.02612722,22.05287993],[89.02224886,22.07846916],[89.03822875,22.05294013],[89.03544807,22.10862887],[89.01684046,22.11151016],[89.01497304,22.11449862],[89.05059671,22.13072562],[88.99685955,22.19918931]],[[89.07561147,21.99811292],[88.98494828,22.05469561],[88.97472787,21.99308801],[88.98240662,21.99342716],[88.99417412,22.00575602],[88.99949884,22.00693572],[88.98340595,21.99279237],[88.97555852,21.99123001],[88.98934126,21.98574412],[88.99246836,21.97378147],[89.00514495,21.98799336],[89.02041137,21.99745953],[89.02818441,21.99718165],[89.03264904,22.00181556],[88.99937904,21.94967437],[89.06027508,21.93197811],[89.07561147,21.99811292]],[[89.01146197,21.98166585],[88.99112594,21.97031951],[88.97302234,21.98706424],[88.97704732,22.038504],[88.93781924,22.06034791],[88.93574226,21.93626463],[88.96610117,21.92268252],[88.96246851,21.93476522],[88.97611737,21.94611812],[88.96902585,21.92068374],[89.01431167,21.90256095],[88.99084175,21.95187247],[89.01146197,21.98166585]],[[88.92424142,21.92364454],[88.85801482,21.91074383],[88.81970155,21.92775166],[88.87788534,21.85391414],[88.88661993,21.81273735],[88.93889928,21.84986603],[88.92586994,21.85118866],[88.92129171,21.85427511],[88.91463125,21.86110008],[88.91387022,21.87876964],[88.90727055,21.87899673],[88.91496813,21.88060367],[88.94686544,21.84090066],[88.9453125,21.88588154],[88.95532632,21.85416353],[88.97642863,21.86762536],[88.96612465,21.89054096],[88.97394395,21.89756632],[88.92424142,21.92364454]],[[88.95529926,21.84778011],[88.97978806,21.81817722],[88.97255933,21.80059493],[88.94268787,21.78623354],[88.97106242,21.77518797],[88.99419761,21.81416225],[89.03008854,21.83312786],[88.98918891,21.8679291],[89.03086138,21.86319172],[88.97758567,21.89334285],[88.97882175,21.86647618],[88.95529926,21.84778011]],[[89.00843632,21.81031752],[88.99007452,21.79052174],[89.01255476,21.78147912],[89.01103365,21.77641463],[88.99865735,21.76989377],[88.99963295,21.76601684],[89.01420295,21.76583576],[89.02363884,21.75898612],[89.00843632,21.81031752]],[[89.00481474,21.76507926],[89.00199401,21.74945354],[89.01647341,21.73284555],[89.01755404,21.7176671],[89.05935717,21.72599745],[89.00481474,21.76507926]],[[89.06078768,21.72175455],[89.00967133,21.7046473],[89.02242875,21.69964516],[89.02601635,21.68948937],[89.02858043,21.63498437],[89.06254673,21.6183362],[89.09279275,21.63684022],[89.09226143,21.66579855],[89.06078768,21.72175455]],[[89.03642488,21.62109375],[89.02130175,21.63880706],[89.02227092,21.65447056],[88.99733543,21.64902341],[88.98836124,21.65222907],[88.98571706,21.70534134],[88.9731971,21.69730961],[88.95154727,21.70139146],[88.96389413,21.66020572],[88.96377516,21.64646852],[88.96802831,21.64172578],[88.98252487,21.64589691],[88.99051476,21.64544475],[88.99283516,21.64357102],[88.99900687,21.60257232],[89.03642488,21.62109375]],[[88.83423901,21.60747755],[88.84261358,21.55402291],[88.90365255,21.55566394],[88.87596095,21.59229565],[88.83423901,21.60747755]],[[88.56535971,21.57020593],[88.58620727,21.60685205],[88.54201615,21.63486314],[88.52437246,21.65292776],[88.51036871,21.60115588],[88.55694115,21.60410297],[88.53685403,21.58697772],[88.56535971,21.57020593]],[[88.39895272,21.59577632],[88.43187702,21.62692702],[88.41141605,21.65790784],[88.41354072,21.69090784],[88.42837954,21.70173645],[88.3951416,21.75471544],[88.38774502,21.73477805],[88.36864555,21.72711754],[88.40397751,21.71519554],[88.37971437,21.67246985],[88.39895272,21.59577632]],[[88.30669534,21.61623204],[88.35812962,21.64748514],[88.34372747,21.69140124],[88.30388713,21.7075628],[88.31661141,21.66490543],[88.30669534,21.61623204]],[[88.34268141,21.7540431],[88.36532795,21.68707454],[88.39771044,21.71372116],[88.36503851,21.72278321],[88.35976815,21.73363125],[88.35965395,21.74565852],[88.37088227,21.76314485],[88.34268141,21.7540431]],[[88.36152196,21.74709523],[88.3869791,21.74091065],[88.38143623,21.76688242],[88.36152196,21.74709523]],[[88.43341196,21.70455766],[88.46726894,21.73702717],[88.4725548,21.79331827],[88.45824814,21.78881121],[88.44498312,21.79701722],[88.42299795,21.76611555],[88.43341196,21.70455766]],[[88.51341188,21.78701174],[88.50424755,21.76258326],[88.53503501,21.79210424],[88.50424361,21.75762367],[88.51879466,21.71970367],[88.54162097,21.73738825],[88.57086372,21.73354435],[88.56030285,21.80257535],[88.51341188,21.78701174]],[[88.50022185,21.81260037],[88.47984505,21.83540964],[88.44959807,21.81203115],[88.48550224,21.79866576],[88.50022185,21.81260037]],[[88.58210886,21.8082031],[88.61418498,21.79824352],[88.61818981,21.82915044],[88.59147394,21.85209465],[88.58210886,21.8082031]],[[88.56008506,21.82675374],[88.55620563,21.8263334],[88.55692196,21.82377291],[88.56008506,21.82675374]],[[88.58807743,21.77344358],[88.62313855,21.73646927],[88.60918236,21.70828366],[88.63064384,21.74037206],[88.62301516,21.77327335],[88.61165714,21.79013467],[88.58807743,21.77344358]],[[88.70804834,21.70618725],[88.74764895,21.65843165],[88.75578225,21.66453183],[88.73138082,21.68139005],[88.72948623,21.68674946],[88.74154997,21.69043791],[88.75810695,21.68364596],[88.76272786,21.69294524],[88.75852776,21.70959795],[88.74643755,21.70592487],[88.73619306,21.71977067],[88.77649331,21.72111166],[88.75324345,21.73087955],[88.75230014,21.74844456],[88.75886238,21.75937605],[88.72811973,21.77782178],[88.71587014,21.80718946],[88.69501865,21.74616957],[88.70804834,21.70618725]],[[88.71833324,21.80805552],[88.74972224,21.81638885],[88.75277782,21.81194437],[88.75250006,21.78944445],[88.76166666,21.78472221],[88.7655555,21.84166658],[88.76916671,21.85333335],[88.78055561,21.85944438],[88.71784341,21.90718937],[88.69694436,21.84861112],[88.7030555,21.85749996],[88.71749985,21.85555553],[88.69583332,21.84111094],[88.70249987,21.82416666],[88.70444441,21.82944441],[88.72805548,21.83749986],[88.70361114,21.81944442],[88.71833324,21.80805552]],[[88.78805554,21.87805545],[88.78222215,21.82666671],[88.7897222,21.82138884],[88.79444444,21.8125],[88.79555547,21.80166662],[88.78888893,21.79583335],[88.79472208,21.79138875],[88.82972205,21.86222208],[88.78777766,21.8636111],[88.78805554,21.87805545]],[[88.80638885,21.86777782],[88.82994318,21.86500001],[88.83749986,21.89222205],[88.81525457,21.90053236],[88.80638885,21.86777782]],[[88.84638894,21.85805547],[88.83500004,21.78166664],[88.91333318,21.72777772],[88.92138874,21.74361098],[88.89138877,21.75361097],[88.89805555,21.77861095],[88.88222206,21.79722226],[88.87722206,21.85166657],[88.84638894,21.85805547]],[[88.89583325,21.78805554],[88.90555561,21.75166655],[88.91246092,21.7552042],[88.91138875,21.76166666],[88.91925335,21.77022445],[88.91777766,21.79166663],[88.93499994,21.82249987],[88.88333333,21.80861115],[88.89583325,21.78805554]],[[88.94138885,21.84722221],[88.93499994,21.82444441],[88.93888891,21.81666672],[88.91972208,21.7919445],[88.92444444,21.78750002],[88.91499984,21.75583327],[88.92138874,21.76611114],[88.95888877,21.77083325],[88.94042087,21.78236544],[88.94027781,21.79305553],[88.97638893,21.82111096],[88.95388877,21.82527781],[88.94138885,21.84722221]],[[88.95138967,21.75818658],[88.98728526,21.74702561],[88.98869455,21.73971987],[88.97666991,21.72868907],[89.01479244,21.71875203],[88.99911571,21.75172508],[88.99668157,21.76848805],[89.00902271,21.78259456],[88.95138967,21.75818658]],[[89.02027476,21.71419311],[88.97067428,21.72116566],[88.99238634,21.70108426],[88.99297321,21.65150857],[89.02419233,21.68720794],[89.00753427,21.70457697],[89.02027476,21.71419311]],[[88.96933794,21.72277331],[88.98732221,21.74479711],[88.92233801,21.7610296],[88.92268193,21.72032285],[88.94994235,21.70243788],[88.98324537,21.70566535],[88.96933794,21.72277331]],[[88.94194436,21.68972206],[88.88207293,21.74512851],[88.87305546,21.69444442],[88.92083335,21.63222206],[88.94194436,21.68972206]],[[88.95380557,21.62648332],[88.99506986,21.62596107],[88.96541286,21.64165008],[88.96185815,21.64861715],[88.96099603,21.66637087],[88.95502806,21.67684972],[88.95380557,21.62648332]],[[88.79795325,21.59134626],[88.77013624,21.65534615],[88.74895966,21.64578354],[88.73620677,21.64478147],[88.72975123,21.64014971],[88.75837874,21.59972596],[88.75087535,21.57714343],[88.79795325,21.59134626]],[[88.75694394,21.59940875],[88.72089863,21.63818216],[88.70737255,21.5928781],[88.73593593,21.57167375],[88.75694394,21.59940875]],[[88.59528446,21.62065423],[88.59642005,21.64778173],[88.58617651,21.65769768],[88.57673836,21.69185495],[88.56759298,21.69082618],[88.57120085,21.66674304],[88.55352736,21.64026845],[88.59528446,21.62065423]],[[88.56579673,21.70131254],[88.54316175,21.72399235],[88.59055042,21.69030285],[88.57070172,21.73258281],[88.54166114,21.73604906],[88.51727164,21.71171784],[88.54597914,21.63704646],[88.56579673,21.70131254]],[[88.46468663,21.67282271],[88.45302033,21.70955312],[88.41927314,21.68898511],[88.44151473,21.61513996],[88.46468663,21.67282271]],[[88.59273434,21.71880197],[88.62099123,21.7344377],[88.58218718,21.77783275],[88.56892121,21.76908302],[88.59273434,21.71880197]],[[88.69401705,21.69946384],[88.723019,21.63853395],[88.73578608,21.64531672],[88.75125766,21.64850664],[88.69401705,21.69946384]],[[88.79612541,21.65555561],[88.80666661,21.70666671],[88.75750005,21.68222225],[88.73055553,21.68638885],[88.79612541,21.65555561]],[[88.7631098,21.69994044],[88.81563556,21.70931232],[88.80920565,21.63800847],[88.84595776,21.61997771],[88.82879174,21.65050125],[88.84370136,21.62709677],[88.8600167,21.63696206],[88.83912075,21.70688713],[88.86414135,21.76080811],[88.83165514,21.76585984],[88.80915225,21.74854136],[88.79661691,21.74696112],[88.7908051,21.74902976],[88.79270864,21.73521745],[88.7631098,21.69994044]],[[88.75629175,21.73362184],[88.78326297,21.75720024],[88.78232324,21.76685524],[88.79582596,21.78711093],[88.78719103,21.79608571],[88.7932167,21.81035876],[88.7824198,21.82497895],[88.76653945,21.78698313],[88.74970281,21.76969004],[88.76427734,21.76185822],[88.75629175,21.73362184]],[[88.72825026,21.77999425],[88.74957454,21.79992342],[88.75014281,21.81420565],[88.72825026,21.77999425]],[[88.79617333,21.74850404],[88.83044171,21.7671926],[88.82190537,21.82246387],[88.78397954,21.76569867],[88.79617333,21.74850404]],[[88.89084864,21.65128744],[88.89395583,21.6505506],[88.88938391,21.65459871],[88.89084864,21.65128744]],[[88.64034104,21.67835963],[88.62751865,21.65814531],[88.63028574,21.64929187],[88.63415813,21.65111876],[88.64034104,21.67835963]],[[88.60611618,21.68007743],[88.58804405,21.70147216],[88.59176767,21.69017053],[88.5803405,21.68287957],[88.5887202,21.65742183],[88.60611618,21.68007743]],[[88.50532651,21.78313982],[88.50191343,21.78442836],[88.50166643,21.78113663],[88.50532651,21.78313982]],[[88.85531855,21.91908467],[88.90683091,21.92895257],[88.90295911,22.01118755],[88.812765,22.0194329],[88.80208361,22.02977204],[88.77968955,22.01579845],[88.76202905,22.01485574],[88.77251196,22.01224363],[88.75370503,21.98782372],[88.77708185,21.99038815],[88.80014753,21.97061765],[88.75347555,21.98520422],[88.75216532,21.95644474],[88.85531855,21.91908467]],[[88.74131632,21.98797142],[88.75824487,21.99525177],[88.75823057,22.00706303],[88.74131632,21.98797142]],[[88.76159227,22.02157903],[88.77919674,22.03671062],[88.77543247,22.04972661],[88.75159931,22.05058944],[88.76159227,22.02157903]],[[88.73143935,22.0452466],[88.73093641,22.04359782],[88.73398352,22.04225743],[88.73143935,22.0452466]],[[88.74838722,22.05999005],[88.78201783,22.04844046],[88.78707325,22.07189405],[88.79389966,22.05557573],[88.80452502,22.06536782],[88.81243122,22.06199563],[88.8277235,22.07123971],[88.8364588,22.06933975],[88.80412996,22.08450472],[88.79864228,22.09781742],[88.79855621,22.10850751],[88.78445005,22.10699654],[88.74838722,22.05999005]],[[88.73922455,22.05700088],[88.80427623,22.13023722],[88.85558557,22.14418662],[88.84323513,22.16722763],[88.85099232,22.17348027],[88.86799955,22.17030084],[88.85964715,22.20411956],[88.84358275,22.1893841],[88.82803106,22.20784581],[88.83907855,22.16773725],[88.82976615,22.16521072],[88.80902803,22.17920005],[88.74908698,22.13484371],[88.70514953,22.06426907],[88.73922455,22.05700088]],[[88.71907866,22.09573686],[88.69465971,22.08739912],[88.69282293,22.07821143],[88.71907866,22.09573686]],[[88.68957317,22.08171356],[88.68891335,22.08125734],[88.69013607,22.08009517],[88.68957317,22.08171356]],[[88.73364735,22.11952567],[88.73047793,22.12433875],[88.72829103,22.11302137],[88.73364735,22.11952567]],[[88.85290706,22.17013752],[88.85970116,22.14160645],[88.83092046,22.12696338],[88.84527802,22.1223737],[88.8718394,22.0880146],[88.89523852,22.09133911],[88.88941646,22.10164475],[88.89242637,22.11419356],[88.91740358,22.09126425],[88.88678157,22.16421068],[88.85290706,22.17013752]],[[88.89472556,22.17115617],[88.94026804,22.12713087],[88.90125585,22.06411767],[88.91867363,21.98083854],[88.93507862,21.99037385],[88.92505157,22.06470931],[88.96678603,22.07851994],[88.95080614,22.10445404],[88.96907234,22.08277845],[88.98590553,22.13761544],[88.97908378,22.13100576],[88.95321035,22.15789533],[88.98087072,22.13308728],[88.95898068,22.19021356],[88.91892993,22.16102362],[88.89472556,22.17115617]],[[88.93171275,22.17696083],[88.96048331,22.19291985],[88.95443201,22.22111177],[88.9187268,22.23036385],[88.90816283,22.19545305],[88.93171275,22.17696083]],[[88.90336657,22.04940164],[88.89197934,22.04965723],[88.89042723,22.04570174],[88.85206926,22.04184461],[88.87874472,22.01456785],[88.90160167,22.01844704],[88.90336657,22.04940164]],[[88.85972977,22.04583573],[88.89076877,22.04857242],[88.87029827,22.06287646],[88.86870456,22.08150733],[88.81955147,22.06286776],[88.84535933,22.06085503],[88.83851945,22.02393675],[88.85916054,22.02518225],[88.84992957,22.04119837],[88.85972977,22.04583573]],[[88.82339418,22.02731431],[88.83106065,22.05071986],[88.8057574,22.06412601],[88.79763317,22.05491066],[88.79180872,22.05469525],[88.78794277,22.05951297],[88.77999365,22.03797841],[88.82339418,22.02731431]],[[88.85075176,22.07910645],[88.86738038,22.0824542],[88.83886993,22.08994281],[88.84367824,22.09782207],[88.86788726,22.08667636],[88.84580195,22.11910868],[88.80632985,22.12515891],[88.80594206,22.08476353],[88.81906795,22.10455751],[88.85075176,22.07910645]],[[88.87019277,22.08687115],[88.89102352,22.0603199],[88.90445244,22.08604193],[88.87019277,22.08687115]],[[88.91799855,22.42385757],[88.91163957,22.42515004],[88.91157925,22.42311525],[88.91799855,22.42385757]],[[88.58579576,21.87400031],[88.58120775,21.87206435],[88.58233786,21.86559296],[88.58579576,21.87400031]],[[88.42537475,21.90407968],[88.42066085,21.90448666],[88.42072284,21.90407991],[88.42537475,21.90407968]],[[88.10961854,21.88396156],[88.10693955,21.89918804],[88.11260641,21.91081107],[88.10463953,21.89768076],[88.10961854,21.88396156]],[[88.13005531,21.89908886],[88.1446681,21.91549003],[88.13304555,21.92755771],[88.11608326,21.91755164],[88.13005531,21.89908886]],[[88.04606557,21.91301846],[88.14342928,22.02064145],[88.14165092,22.02599347],[88.07065225,21.99087298],[88.04606557,21.91301846]],[[88.17138875,21.93222225],[88.15972221,21.92861116],[88.16527772,21.91611111],[88.17138875,21.93222225]],[[88.13620472,21.89544404],[88.137694,21.89548957],[88.13834918,21.89811623],[88.13620472,21.89544404]],[[87.99388886,22.21555555],[87.99277782,22.21222222],[87.99666655,22.21277773],[87.99388886,22.21555555]],[[88.38806617,22.87045324],[88.38536143,22.87070942],[88.38544977,22.87028825],[88.38806617,22.87045324]],[[88.409765,22.94025004],[88.40703475,22.94494021],[88.40904653,22.93743586],[88.409765,22.94025004]],[[88.45413065,23.03678012],[88.45152974,23.03915036],[88.45246005,23.03332818],[88.45413065,23.03678012]],[[88.50352013,23.12927675],[88.50056183,23.12726212],[88.50429225,23.12651086],[88.50352013,23.12927675]],[[88.44201314,23.22081566],[88.44274068,23.21787572],[88.44639325,23.22117984],[88.44201314,23.22081566]],[[88.35504365,23.30082774],[88.34941864,23.30128706],[88.35041285,23.29589725],[88.35504365,23.30082774]],[[88.37123406,23.46009028],[88.36947405,23.45875537],[88.37245965,23.45481718],[88.37123406,23.46009028]],[[88.33722222,23.35527766],[88.3366667,23.35388875],[88.33888876,23.3544445],[88.33722222,23.35527766]],[[87.93611097,22.40638876],[87.93277764,22.40888894],[87.93805552,22.39666665],[87.93611097,22.40638876]],[[87.92481625,22.42683923],[87.9192121,22.42911732],[87.92567837,22.42482924],[87.92481625,22.42683923]],[[87.91416657,22.42861116],[87.91111112,22.43305552],[87.90805554,22.43166661],[87.91416657,22.42861116]],[[87.90147173,22.48753595],[87.88700676,22.49121094],[87.90054095,22.48324215],[87.90147173,22.48753595]],[[88.03153825,22.06022167],[88.02792871,22.05952895],[88.03101134,22.05899703],[88.03153825,22.06022167]],[[87.31689417,21.57625282],[87.30382574,21.57467592],[87.31715131,21.57378077],[87.31689417,21.57625282]],[[87.30119526,21.57896006],[87.30463254,21.59852803],[87.29961991,21.59045875],[87.30119526,21.57896006]],[[87.31083334,21.6044445],[87.31655598,21.60262978],[87.31899071,21.60545397],[87.31083334,21.6044445]],[[87.17549026,21.75636327],[87.17060316,21.75517654],[87.17775786,21.75157392],[87.17549026,21.75636327]],[[87.17444444,21.78944445],[87.16888893,21.79111111],[87.16583335,21.78694427],[87.17444444,21.78944445]],[[87.2159667,21.80712557],[87.2114377,21.80662441],[87.2107588,21.79899836],[87.2159667,21.80712557]],[[87.21880352,21.98842073],[87.21464622,21.98793066],[87.21792078,21.98281896],[87.21880352,21.98842073]],[[87.20908761,22.00610662],[87.20668066,21.99960923],[87.21193814,21.99339592],[87.20908761,22.00610662]],[[87.12361097,21.51444435],[87.12243891,21.52082455],[87.11888015,21.51722205],[87.12361097,21.51444435]],[[86.71685517,20.6844691],[86.70513117,20.68267262],[86.73038995,20.67640805],[86.74015427,20.67142951],[86.71685517,20.6844691]],[[86.72597468,20.67654657],[86.72454071,20.675686],[86.72988951,20.67494404],[86.72597468,20.67654657]],[[86.66453397,20.7000972],[86.65544987,20.70038176],[86.65129566,20.69749284],[86.66453397,20.7000972]],[[86.59630465,20.71644628],[86.57769978,20.69993472],[86.58375144,20.69137704],[86.60559142,20.69763255],[86.59630465,20.71644628]],[[85.89942753,20.84268606],[85.89181948,20.84189844],[85.90027738,20.84083855],[85.89942753,20.84268606]],[[85.70180142,20.83405447],[85.70354235,20.83496773],[85.7016021,20.83520532],[85.70180142,20.83405447]],[[85.68476462,20.8235476],[85.68314981,20.82513845],[85.68283415,20.82352245],[85.68476462,20.8235476]],[[85.68508995,20.82482004],[85.68600404,20.82491255],[85.68586743,20.82530272],[85.68508995,20.82482004]],[[85.61517656,20.79890323],[85.62135744,20.79592741],[85.62097454,20.80357385],[85.61517656,20.79890323]],[[85.42692435,20.7832396],[85.4296875,20.78320312],[85.42598724,20.78766465],[85.42692435,20.7832396]],[[85.29563475,20.86191595],[85.28747153,20.85637915],[85.29425883,20.84961045],[85.29563475,20.86191595]],[[85.19299614,21.03581941],[85.19109142,21.035537],[85.19326806,21.03498554],[85.19299614,21.03581941]],[[85.14943886,21.12915695],[85.14690387,21.13663447],[85.14550054,21.12883425],[85.14943886,21.12915695]],[[85.15525544,21.14798713],[85.15330756,21.14966822],[85.15418124,21.14773154],[85.15525544,21.14798713]],[[85.14809871,21.16256511],[85.14599955,21.15841246],[85.14896035,21.15667641],[85.14809871,21.16256511]],[[85.10969305,21.07249951],[85.11360276,21.07054937],[85.11360276,21.07110083],[85.10969305,21.07249951]],[[86.66786623,20.61741376],[86.66944444,20.60805547],[86.67053187,20.61882734],[86.66786623,20.61741376]],[[86.56710374,20.61806715],[86.56666672,20.61694443],[86.56833327,20.61611116],[86.56710374,20.61806715]],[[86.44003606,20.60759175],[86.43753803,20.60806406],[86.4405359,20.60610735],[86.44003606,20.60759175]],[[86.28514373,20.65136123],[86.28400147,20.64812255],[86.28764176,20.64555848],[86.28514373,20.65136123]],[[86.60388875,20.34000003],[86.59361112,20.34083331],[86.59031236,20.33825541],[86.60388875,20.34000003]],[[86.59439015,20.37879956],[86.59242141,20.38073945],[86.59299171,20.37705815],[86.59439015,20.37879956]],[[86.59573805,20.38091111],[86.59970713,20.38429856],[86.59758151,20.38766944],[86.59573805,20.38091111]],[[86.59739578,20.39471042],[86.59411252,20.39794898],[86.59703886,20.39342844],[86.59739578,20.39471042]],[[86.57247174,20.40603971],[86.51399434,20.41573656],[86.49482131,20.39183366],[86.57247174,20.40603971]],[[86.41105986,20.44871426],[86.36886275,20.46585345],[86.35341013,20.46223533],[86.34518182,20.46931911],[86.30717373,20.46594214],[86.33381426,20.45431852],[86.34153342,20.46337461],[86.34506965,20.46317852],[86.35215521,20.45641923],[86.36077726,20.46242344],[86.38699293,20.44398463],[86.39875686,20.451388],[86.41105986,20.44871426]],[[86.06139493,20.46298742],[86.06678855,20.45877707],[86.06703055,20.46305692],[86.06139493,20.46298742]],[[85.99559045,20.45374668],[85.99333501,20.45293713],[85.99560475,20.45292366],[85.99559045,20.45374668]],[[85.94558775,20.47600877],[85.93066347,20.48230612],[85.94620001,20.47398472],[85.94558775,20.47600877]],[[86.49856532,20.17666984],[86.49586678,20.16160858],[86.50782192,20.17296004],[86.49856532,20.17666984]],[[86.48925626,20.14656818],[86.49468911,20.14867592],[86.49036002,20.14969337],[86.48925626,20.14656818]],[[86.32101452,19.98808241],[86.31967425,19.99316704],[86.31837416,19.99480486],[86.32101452,19.98808241]],[[86.31573784,19.99893236],[86.32076085,20.00071681],[86.31884766,20.00232696],[86.31573784,19.99893236]],[[86.32640946,20.00345504],[86.33689535,19.99928522],[86.32931375,20.01044226],[86.32640946,20.00345504]],[[86.31287265,20.00819814],[86.31448555,20.01538408],[86.30988741,20.01599908],[86.31287265,20.00819814]],[[86.31607354,20.02133453],[86.31573916,20.03113222],[86.30130327,20.02680385],[86.31607354,20.02133453]],[[86.27250004,20.02444434],[86.26861095,20.02472222],[86.26472223,20.02222216],[86.27250004,20.02444434]],[[86.25520706,20.02480245],[86.25389504,20.02246654],[86.25768185,20.02139294],[86.25520706,20.02480245]],[[86.26677287,20.03536677],[86.30775583,20.03426194],[86.26891577,20.05825341],[86.24469101,20.03411496],[86.26677287,20.03536677]],[[86.2677778,20.03083324],[86.26333332,20.03361106],[86.26250005,20.03222215],[86.2677778,20.03083324]],[[86.25460315,20.05240405],[86.26257634,20.05869865],[86.25042975,20.05158031],[86.25460315,20.05240405]],[[86.29166663,20.04722226],[86.29694438,20.04972208],[86.29166663,20.05027783],[86.29166663,20.04722226]],[[86.2985754,20.04118204],[86.30354595,20.0390625],[86.29992235,20.04236496],[86.2985754,20.04118204]],[[86.31334054,20.03822541],[86.30987775,20.04056787],[86.30874205,20.0390625],[86.31334054,20.03822541]],[[86.32117236,20.02423441],[86.32657206,20.02441585],[86.32012403,20.02954602],[86.32117236,20.02423441]],[[86.14706504,20.21484375],[86.12331486,20.21811354],[86.1328125,20.17382813],[86.14647114,20.1775949],[86.14706504,20.21484375]],[[86.11945081,20.21484375],[86.06950057,20.24348497],[86.02981305,20.28819597],[86.01421535,20.25421405],[86.03835046,20.20678437],[86.12663627,20.17033851],[86.11945081,20.21484375]],[[84.76130843,19.10551286],[84.76542842,19.10421681],[84.76463008,19.10731912],[84.76130843,19.10551286]],[[84.76797295,19.10561526],[84.76708543,19.10166597],[84.76990855,19.10548914],[84.76797295,19.10561526]],[[83.27021754,17.70966995],[83.26865315,17.70872211],[83.26992977,17.70824897],[83.27021754,17.70966995]],[[82.19709694,16.72437346],[82.19292557,16.72616231],[82.19681346,16.72344625],[82.19709694,16.72437346]],[[81.75817835,17.01052666],[81.75256872,17.00919616],[81.76087105,17.00271595],[81.75817835,17.01052666]],[[81.75398493,17.01869905],[81.74825692,17.0177232],[81.75090635,17.01341784],[81.75398493,17.01869905]],[[81.73430073,17.02045774],[81.7463417,17.02611864],[81.73533475,17.0294795],[81.73430073,17.02045774]],[[81.74068773,17.03244042],[81.74936557,17.03386915],[81.74093556,17.03359222],[81.74068773,17.03244042]],[[81.74889076,17.03650534],[81.76345205,17.03401971],[81.75130355,17.03964245],[81.73528242,17.06109524],[81.74072444,17.03681636],[81.74889076,17.03650534]],[[81.72614026,17.06820536],[81.72052741,17.07069564],[81.72060287,17.06510222],[81.72614026,17.06820536]],[[81.71280146,17.07575166],[81.70776784,17.08209574],[81.71260881,17.07139802],[81.71280146,17.07575166]],[[81.70928454,17.08337903],[81.71484995,17.08169806],[81.70907974,17.08593035],[81.70928454,17.08337903]],[[81.72778106,17.07649422],[81.73401988,17.09657025],[81.7237643,17.11332798],[81.71603048,17.09756231],[81.72778106,17.07649422]],[[81.71587706,17.08829856],[81.71222484,17.09104383],[81.71218491,17.08690321],[81.71587706,17.08829856]],[[81.65798104,17.25085795],[81.64163935,17.22442865],[81.65809298,17.18802583],[81.66540885,17.22558093],[81.65798104,17.25085795]],[[81.67790306,17.29625857],[81.65783286,17.30557156],[81.66061485,17.28235984],[81.67790306,17.29625857]],[[81.29125237,17.5255239],[81.28435493,17.53049707],[81.29099822,17.52520394],[81.29125237,17.5255239]],[[81.54643333,16.34896147],[81.52542436,16.35075486],[81.52097785,16.35429156],[81.51348674,16.35044932],[81.54643333,16.34896147]],[[81.50642645,16.35315168],[81.5408715,16.35873675],[81.5552634,16.35191381],[81.54572904,16.37977684],[81.49473083,16.37045515],[81.47773576,16.39121127],[81.50642645,16.35315168]],[[80.89645755,15.88543975],[80.89363873,15.88423526],[80.89411116,15.88274944],[80.89645755,15.88543975]],[[80.9035207,15.90470874],[80.89972794,15.90606701],[80.90060318,15.90138245],[80.9035207,15.90470874]],[[80.90324736,15.92226934],[80.90952611,15.92648697],[80.90866721,15.93326807],[80.90324736,15.92226934]],[[80.90906703,15.92107844],[80.91214156,15.92332602],[80.91179025,15.92660534],[80.90906703,15.92107844]],[[80.90229166,15.93566406],[80.89566576,15.92216086],[80.89955854,15.91326976],[80.90169418,15.91763794],[80.90229166,15.93566406]],[[80.90361536,15.93549633],[80.90662527,15.93538213],[80.90802085,15.93933046],[80.90361536,15.93549633]],[[80.90315866,15.94572401],[80.90800083,15.96517074],[80.88939702,15.98995531],[80.90315866,15.94572401]],[[80.8934381,15.98666644],[80.89853406,15.99511707],[80.89075875,16.00511622],[80.88914347,16.01292205],[80.8934381,15.98666644]],[[80.89878213,15.98848951],[80.90925634,15.98228347],[80.9016335,15.99362385],[80.89878213,15.98848951]],[[80.89474893,16.03734267],[80.8829205,16.02218187],[80.88685691,16.01342154],[80.89474893,16.03734267]],[[80.89077425,16.04394364],[80.89145386,16.04547977],[80.89002764,16.04505014],[80.89077425,16.04394364]],[[80.88630176,16.08808541],[80.88210595,16.08334613],[80.89098775,16.05832195],[80.88788831,16.04884136],[80.89389086,16.0475105],[80.88630176,16.08808541]],[[80.87664461,16.08053791],[80.88139963,16.1157124],[80.86412513,16.13371754],[80.86219823,16.12435174],[80.87009835,16.11453974],[80.86958253,16.1061424],[80.87427175,16.10316086],[80.87664461,16.08053791]],[[80.68355441,16.43970168],[80.68283534,16.43799293],[80.68400097,16.43787003],[80.68355441,16.43970168]],[[80.59804845,16.50648177],[80.59849334,16.50771666],[80.58444452,16.51334226],[80.58891785,16.50841236],[80.59804845,16.50648177]],[[80.57788312,16.51323032],[80.57005966,16.50944543],[80.57925963,16.51116872],[80.57788312,16.51323032]],[[80.56368411,16.52082336],[80.59311807,16.51370466],[80.56656611,16.53096414],[80.56368411,16.52082336]],[[80.55574763,16.53944862],[80.53902805,16.54339755],[80.54986966,16.53322864],[80.56085944,16.51738882],[80.55574763,16.53944862]],[[80.54989827,16.53226304],[80.54889214,16.52725434],[80.55721927,16.52055788],[80.54989827,16.53226304]],[[80.55902672,16.53258455],[80.56267953,16.53609383],[80.5570116,16.53835774],[80.55902672,16.53258455]],[[80.54998553,16.54669118],[80.54729354,16.54630172],[80.54991162,16.54630947],[80.54998553,16.54669118]],[[80.53941071,16.55459142],[80.53709066,16.55529416],[80.53946257,16.55427134],[80.53941071,16.55459142]],[[80.53001106,16.56294656],[80.52746415,16.56154323],[80.530375,16.56206262],[80.53001106,16.56294656]],[[80.52082241,16.56488538],[80.52139842,16.57066906],[80.51938105,16.56838512],[80.52082241,16.56488538]],[[80.47078645,16.56878924],[80.51997352,16.57112014],[80.50230646,16.57972646],[80.47078645,16.56878924]],[[80.45683706,16.57485604],[80.45587873,16.57370925],[80.45745897,16.57412756],[80.45683706,16.57485604]],[[80.41713953,16.58459342],[80.38790965,16.58596694],[80.36437654,16.58271146],[80.39982724,16.56533635],[80.41713953,16.58459342]],[[80.41274655,16.58887994],[80.4086982,16.58764636],[80.41318548,16.58858132],[80.41274655,16.58887994]],[[80.14458644,16.69081152],[80.14347684,16.69301474],[80.14422333,16.69027138],[80.14458644,16.69081152]],[[80.79126525,15.83083606],[80.78949893,15.82440042],[80.79136181,15.82383132],[80.79126525,15.83083606]],[[80.79059792,15.84146261],[80.78620458,15.84246063],[80.78885853,15.83767366],[80.79059792,15.84146261]],[[80.78000796,15.84354591],[80.77569854,15.85802412],[80.77310526,15.86165774],[80.78000796,15.84354591]],[[80.78402615,15.85284102],[80.78805256,15.85444498],[80.78584754,15.85656595],[80.78402615,15.85284102]],[[80.0601387,15.19957054],[80.05939674,15.19907916],[80.06249964,15.19715095],[80.0601387,15.19957054]],[[80.18806946,14.59072506],[80.19016504,14.5911715],[80.18843794,14.59272754],[80.18806946,14.59072506]],[[80.18567002,14.57934535],[80.19072521,14.57944095],[80.19106174,14.58149195],[80.18567002,14.57934535]],[[80.10526288,14.25357628],[80.10200345,14.24363375],[80.1080904,14.24178541],[80.10526288,14.25357628]],[[80.10040545,14.23423553],[80.0966928,14.24144137],[80.09328985,14.23334146],[80.10040545,14.23423553]],[[80.12446165,14.06856501],[80.12618578,14.06529021],[80.12923038,14.06532753],[80.12446165,14.06856501]],[[79.83675182,13.87958956],[79.84063697,13.88086724],[79.83509231,13.88049531],[79.83675182,13.87958956]],[[80.32153487,13.43519533],[80.32507586,13.43560374],[80.32251823,13.43837261],[80.32153487,13.43519533]],[[80.28516364,13.45218945],[80.27585077,13.45526695],[80.28642535,13.44851375],[80.28516364,13.45218945]],[[80.22443116,13.49005044],[80.22786307,13.49232721],[80.22722387,13.49388754],[80.22443116,13.49005044]],[[80.23162115,13.49445796],[80.23391283,13.49056876],[80.23478603,13.49263072],[80.23162115,13.49445796]],[[80.26801074,13.50948691],[80.26503325,13.51960051],[80.26587296,13.4994117],[80.26801074,13.50948691]],[[80.19456995,13.51917946],[80.18869376,13.51539874],[80.19692445,13.51287925],[80.19456995,13.51917946]],[[80.18360567,13.53263307],[80.18377852,13.53515625],[80.18009984,13.53384543],[80.18360567,13.53263307]],[[80.1676563,13.59014034],[80.12073672,13.60503125],[80.15808415,13.59111273],[80.12688625,13.58492815],[80.14245164,13.5447067],[80.1676563,13.59014034]],[[80.05508685,13.58643246],[80.05307376,13.58931196],[80.05231762,13.58855522],[80.05508685,13.58643246]],[[80.09488583,13.63666391],[80.09625995,13.64157248],[80.09152687,13.63655305],[80.09488583,13.63666391]],[[80.10033095,13.63903534],[80.10827386,13.64721906],[80.10650802,13.65295064],[80.10033095,13.63903534]],[[79.98751044,12.24997175],[79.99085081,12.24889028],[79.99165225,12.25053775],[79.98751044,12.24997175]],[[79.75164831,11.36099386],[79.75464594,11.36012983],[79.75602972,11.36151302],[79.75164831,11.36099386]],[[79.83888972,11.23633993],[79.84102845,11.23317742],[79.84202981,11.23422647],[79.83888972,11.23633993]],[[79.82386863,11.23441815],[79.82642686,11.23719883],[79.8237313,11.23468626],[79.82386863,11.23441815]],[[79.70681906,10.28817046],[79.70658457,10.28530085],[79.70794272,10.28640115],[79.70681906,10.28817046]],[[79.70078671,10.28931212],[79.69760513,10.28865993],[79.70080411,10.28863525],[79.70078671,10.28931212]],[[79.69419205,10.28946137],[79.69383192,10.29132021],[79.69348144,10.29091644],[79.69419205,10.28946137]],[[79.69292104,10.29550636],[79.68877804,10.29507184],[79.69125891,10.29330587],[79.69292104,10.29550636]],[[79.68586111,10.29533005],[79.68400681,10.29793656],[79.68379176,10.29644954],[79.68586111,10.29533005]],[[79.6077162,10.30231786],[79.60558605,10.30197775],[79.60899198,10.30110228],[79.6077162,10.30231786]],[[79.70389342,10.303514],[79.70497656,10.30643177],[79.69888485,10.3091104],[79.70389342,10.303514]],[[79.6917392,10.30424833],[79.69244361,10.30803633],[79.68869841,10.31002891],[79.6917392,10.30424833]],[[79.68346107,10.30744886],[79.66978705,10.30655384],[79.68274105,10.30542922],[79.68346107,10.30744886]],[[79.6219635,10.30542874],[79.62371016,10.30865777],[79.62099755,10.30587018],[79.6219635,10.30542874]],[[79.60547113,10.30982971],[79.60987985,10.30932212],[79.60927045,10.31070852],[79.60547113,10.30982971]],[[79.69768143,10.31194806],[79.71641946,10.31509101],[79.68884337,10.31845307],[79.69768143,10.31194806]],[[79.61749065,10.30862176],[79.61988425,10.30610454],[79.62116706,10.30765712],[79.61749065,10.30862176]],[[79.62834954,10.30669725],[79.63143456,10.30842721],[79.62818694,10.30797017],[79.62834954,10.30669725]],[[79.63310325,10.33050156],[79.62817991,10.33003235],[79.62793684,10.32603574],[79.63310325,10.33050156]],[[79.62880135,10.34190702],[79.62511396,10.3387959],[79.62848783,10.33694863],[79.62880135,10.34190702]],[[79.62097394,10.29969418],[79.62817144,10.29713476],[79.62943065,10.29854333],[79.62097394,10.29969418]],[[78.48670971,9.13108778],[78.48506606,9.13327014],[78.48471463,9.13113427],[78.48670971,9.13108778]],[[78.11124086,8.63168132],[78.11825323,8.61741185],[78.11954057,8.63790357],[78.11124086,8.63168132]],[[78.12027407,8.61733615],[78.11926281,8.61521172],[78.12161934,8.61758494],[78.12027407,8.61733615]],[[78.11536837,8.61639714],[78.11753941,8.61011732],[78.12066257,8.61407328],[78.11536837,8.61639714]],[[78.12735832,8.59632826],[78.12585247,8.59495842],[78.12759638,8.59562433],[78.12735832,8.59632826]],[[76.56456125,8.94975436],[76.5633527,8.95056701],[76.56322944,8.95030093],[76.56456125,8.94975436]],[[76.60587394,8.96185136],[76.60809755,8.96201766],[76.60724235,8.96297514],[76.60587394,8.96185136]],[[76.55089438,8.95463908],[76.55103016,8.95653725],[76.54988718,8.95520365],[76.55089438,8.95463908]],[[76.54350233,8.95715177],[76.54509115,8.96124876],[76.54345608,8.96033466],[76.54350233,8.95715177]],[[76.3107233,9.88724184],[76.31688607,9.90285516],[76.30795777,9.92138755],[76.30443382,9.90317941],[76.3107233,9.88724184]],[[76.28852832,9.84736514],[76.2890625,9.84430802],[76.29044354,9.84663606],[76.28852832,9.84736514]],[[76.34726095,9.86928201],[76.34908915,9.83870578],[76.37184894,9.83104277],[76.36625445,9.85531521],[76.34726095,9.86928201]],[[76.37293434,9.84066141],[76.37645161,9.83935845],[76.37730455,9.84150755],[76.37293434,9.84066141]],[[76.37720525,9.83890402],[76.37920141,9.83709276],[76.37832355,9.83953214],[76.37720525,9.83890402]],[[76.32310104,9.8093549],[76.32914841,9.81734025],[76.32374215,9.82563901],[76.32310104,9.8093549]],[[76.37006366,9.82429206],[76.36952352,9.82634485],[76.36677432,9.8264966],[76.37006366,9.82429206]],[[76.37314403,9.82144904],[76.37342906,9.82476091],[76.37174642,9.8256247],[76.37314403,9.82144904]],[[76.37063015,9.75557804],[76.37178898,9.75792694],[76.37121224,9.75822258],[76.37063015,9.75557804]],[[76.38107646,9.71645224],[76.38150835,9.71525145],[76.38174605,9.71707594],[76.38107646,9.71645224]],[[76.38190675,9.61725998],[76.38792503,9.61899316],[76.38536632,9.62049651],[76.38190675,9.61725998]],[[76.38331366,9.53495491],[76.42572284,9.54972625],[76.42594266,9.55043042],[76.40800655,9.56117177],[76.38331366,9.53495491]],[[76.43553746,9.5285933],[76.46391594,9.52987003],[76.46452355,9.54153144],[76.43632305,9.55137634],[76.43553746,9.5285933]],[[76.46660066,9.54104495],[76.47898543,9.52985477],[76.47910202,9.53692555],[76.46660066,9.54104495]],[[76.43458045,9.55133915],[76.40602314,9.54227054],[76.40653706,9.52780461],[76.43415618,9.52859926],[76.43458045,9.55133915]],[[76.40488303,9.52762282],[76.38246405,9.5339061],[76.383322,9.52732372],[76.40488303,9.52762282]],[[76.37194681,10.11708355],[76.37399507,10.11465585],[76.37485814,10.11778617],[76.37194681,10.11708355]],[[76.19851172,10.19394743],[76.19818425,10.19885314],[76.1939404,10.19429362],[76.19851172,10.19394743]],[[76.22231221,10.20650291],[76.22663474,10.21071446],[76.22096431,10.21718895],[76.22231221,10.20650291]],[[76.22290575,10.22080767],[76.22020185,10.21918213],[76.22300291,10.22044516],[76.22290575,10.22080767]],[[76.22913885,10.22282946],[76.23103666,10.22211433],[76.23135436,10.22393513],[76.22913885,10.22282946]],[[76.23462212,10.22641301],[76.23303485,10.22799313],[76.23240638,10.22674024],[76.23462212,10.22641301]],[[76.24060845,10.23056102],[76.24448085,10.22868025],[76.24564755,10.23068428],[76.24060845,10.23056102]],[[76.05095828,10.53367496],[76.05106246,10.53549874],[76.04962075,10.53403783],[76.05095828,10.53367496]],[[76.07326424,10.50891554],[76.07447731,10.50928354],[76.07304561,10.51252925],[76.07326424,10.50891554]],[[76.05152655,10.53782284],[76.04958534,10.53631723],[76.05008721,10.53615963],[76.05152655,10.53782284]],[[75.94555545,10.79709804],[75.93598926,10.79869807],[75.93338895,10.79377663],[75.94555545,10.79709804]],[[75.9309597,10.79568422],[75.92833173,10.79601216],[75.92812955,10.79568505],[75.9309597,10.79568422]],[[75.83621764,11.12817144],[75.83031905,11.12951374],[75.83096921,11.12674975],[75.83621764,11.12817144]],[[75.81022477,11.15958405],[75.81158376,11.1609205],[75.81075513,11.16161692],[75.81022477,11.15958405]],[[75.87038553,11.20804477],[75.86784565,11.20932436],[75.86649084,11.20631385],[75.87038553,11.20804477]],[[75.60358822,11.56268013],[75.60414004,11.56425571],[75.60158014,11.56428397],[75.60358822,11.56268013]],[[75.36859834,11.93737817],[75.36555564,11.9358989],[75.36512315,11.93340445],[75.36859834,11.93737817]],[[75.36741054,11.94043624],[75.36611342,11.94022012],[75.36447978,11.93602085],[75.36741054,11.94043624]],[[75.38171721,11.95679271],[75.37999606,11.96194994],[75.37748766,11.95675826],[75.38171721,11.95679271]],[[75.38242376,11.96408224],[75.38277686,11.96641445],[75.38092685,11.96467674],[75.38242376,11.96408224]],[[75.42614782,12.01485956],[75.42675066,12.01614666],[75.42290056,12.01628661],[75.42614782,12.01485956]],[[75.30155241,11.95963693],[75.30087435,11.95796716],[75.30236566,11.95649946],[75.30155241,11.95963693]],[[75.28801417,11.98249114],[75.28909552,11.97234452],[75.29921496,11.96169186],[75.28801417,11.98249114]],[[75.29812431,12.01448131],[75.28821266,12.01163542],[75.29537773,12.01007354],[75.29812431,12.01448131]],[[75.29786456,12.02076352],[75.2972548,12.01856625],[75.30000246,12.01994026],[75.29786456,12.02076352]],[[75.19454324,12.11408186],[75.19275212,12.11555922],[75.19219291,12.11351836],[75.19454324,12.11408186]],[[74.87301385,12.83627295],[74.87768066,12.83982122],[74.86899698,12.83685696],[74.87301385,12.83627295]],[[74.90512228,12.85504174],[74.90212131,12.85602665],[74.90010655,12.85451245],[74.90512228,12.85504174]],[[74.9116981,12.85715473],[74.90712714,12.86314166],[74.90143526,12.85677016],[74.9116981,12.85715473]],[[74.83126462,12.85972786],[74.82938695,12.86125827],[74.83051085,12.85725915],[74.83126462,12.85972786]],[[74.83013034,12.86659992],[74.82824862,12.86634088],[74.8293035,12.86303484],[74.83013034,12.86659992]],[[74.82443416,12.87381363],[74.82230783,12.87272108],[74.82473588,12.87203562],[74.82443416,12.87381363]],[[74.83833075,12.94252217],[74.83648765,12.94345117],[74.83604872,12.94026506],[74.83833075,12.94252217]],[[74.86225843,12.94566762],[74.85801792,12.94899964],[74.85360718,12.94963455],[74.86225843,12.94566762]],[[74.72238064,13.2881906],[74.72862446,13.28691125],[74.72258532,13.2892369],[74.72238064,13.2881906]],[[74.7251749,13.28001404],[74.72757435,13.28083444],[74.72827506,13.2829988],[74.7251749,13.28001404]],[[74.69936407,13.42362773],[74.70085931,13.42395854],[74.69985735,13.42535961],[74.69936407,13.42362773]],[[74.70543492,13.421875],[74.70540142,13.41749108],[74.70827746,13.4177922],[74.70543492,13.421875]],[[74.70090687,13.42017508],[74.69948721,13.41833341],[74.7005465,13.41742182],[74.70090687,13.42017508]],[[74.72681308,13.4114598],[74.72766626,13.41160333],[74.72500682,13.41281772],[74.72681308,13.4114598]],[[74.73003733,13.40956795],[74.73247933,13.40813565],[74.73287773,13.40861428],[74.73003733,13.40956795]],[[74.73685455,13.40507162],[74.73996782,13.4063462],[74.7356528,13.40736628],[74.73685455,13.40507162]],[[74.67367196,13.62187004],[74.67751813,13.61904097],[74.67550826,13.62519288],[74.67367196,13.62187004]],[[74.71440101,13.63937354],[74.71659684,13.64037037],[74.71288073,13.64127374],[74.71440101,13.63937354]],[[74.70075536,13.64024794],[74.69612884,13.65153623],[74.68980861,13.64809465],[74.70075536,13.64024794]],[[74.71051085,13.64112318],[74.71208274,13.63932836],[74.71265745,13.63954997],[74.71051085,13.64112318]],[[74.68793201,13.64414346],[74.68195677,13.64276671],[74.68807685,13.64373136],[74.68793201,13.64414346]],[[74.72798145,13.63643956],[74.72856832,13.63437235],[74.73208833,13.63603032],[74.72798145,13.63643956]],[[74.67610443,13.6636039],[74.67953682,13.67127466],[74.67836118,13.67698455],[74.67610443,13.6636039]],[[74.45155907,14.26788771],[74.45622528,14.2646265],[74.45849812,14.26548326],[74.45155907,14.26788771]],[[74.46550536,14.26487744],[74.46665955,14.26591015],[74.46511698,14.26674807],[74.46550536,14.26487744]],[[74.44824517,14.26176906],[74.4477967,14.26760614],[74.44369352,14.26341271],[74.44824517,14.26176906]],[[74.47530115,14.26398075],[74.47092855,14.25852275],[74.48275971,14.26024914],[74.47530115,14.26398075]],[[74.44474375,14.26575983],[74.44037974,14.26746655],[74.43900335,14.26765418],[74.44474375,14.26575983]],[[74.47577381,14.25653446],[74.47875047,14.25776553],[74.47581875,14.25685513],[74.47577381,14.25653446]],[[74.38327944,14.50955844],[74.38488972,14.48296344],[74.41125107,14.48141325],[74.39411414,14.49135864],[74.39824295,14.49323833],[74.38620234,14.50003815],[74.38327944,14.50955844]],[[74.38726628,14.50257003],[74.38934922,14.50173378],[74.38705242,14.50451016],[74.38726628,14.50257003]],[[74.38991344,14.47903562],[74.38673365,14.47770774],[74.39135754,14.47776175],[74.38991344,14.47903562]],[[74.37482214,14.54163575],[74.36390245,14.55185068],[74.36401796,14.5429883],[74.37482214,14.54163575]],[[74.32167041,14.60479701],[74.32705307,14.60968363],[74.32047653,14.60495257],[74.32167041,14.60479701]],[[74.15857208,14.85425734],[74.15728354,14.85564137],[74.15487301,14.85197365],[74.15857208,14.85425734]],[[74.17321467,14.85972047],[74.16913283,14.86124825],[74.16891873,14.85942066],[74.17321467,14.85972047]],[[74.24118745,14.86989653],[74.22619176,14.86730838],[74.23216593,14.86564386],[74.24118745,14.86989653]],[[74.29358721,14.89571404],[74.29257786,14.89180565],[74.30005455,14.89636683],[74.29358721,14.89571404]],[[73.94900513,15.16922426],[73.94628084,15.16897428],[73.95073605,15.16438115],[73.94900513,15.16922426]],[[73.86202335,15.40767956],[73.86521065,15.40375984],[73.86515725,15.40817535],[73.86202335,15.40767956]],[[73.9780246,15.36325955],[73.97984707,15.36308956],[73.97813666,15.36528301],[73.9780246,15.36325955]],[[73.98052645,15.3624202],[73.98189807,15.35877156],[73.98941874,15.35334671],[73.98052645,15.3624202]],[[74.00758648,15.31537116],[74.01029134,15.31098366],[74.00740397,15.31794155],[74.00758648,15.31537116]],[[73.88055718,15.50448263],[73.91072845,15.50739086],[73.93148231,15.52995682],[73.91485715,15.54547977],[73.88055718,15.50448263]],[[73.90181661,15.53750658],[73.90001595,15.54443932],[73.89956474,15.53833377],[73.90181661,15.53750658]],[[73.49485183,15.99609375],[73.49367654,15.99609375],[73.49387836,15.99502754],[73.49485183,15.99609375]],[[73.49920666,16.00716054],[73.49642074,16.00743353],[73.49523973,16.00572956],[73.49920666,16.00716054]],[[73.51798224,16.01446295],[73.51618946,16.01618302],[73.50880074,16.01077294],[73.51798224,16.01446295]],[[73.46747267,16.13431096],[73.46163046,16.13475001],[73.46423566,16.12960577],[73.46747267,16.13431096]],[[73.47939515,16.1589421],[73.47841716,16.16118026],[73.47726512,16.15850925],[73.47939515,16.1589421]],[[73.45053864,16.49556506],[73.45124173,16.49756086],[73.44866765,16.49780774],[73.45053864,16.49556506]],[[73.38207853,16.62118423],[73.38776076,16.62728274],[73.3795495,16.63117671],[73.38207853,16.62118423]],[[73.43991828,17.58140504],[73.4411689,17.5834558],[73.43879581,17.5823065],[73.43991828,17.58140504]],[[73.4468379,17.58323991],[73.45370841,17.58331347],[73.44547284,17.58652496],[73.4468379,17.58323991]],[[73.44479108,17.58585],[73.44059896,17.58629084],[73.44537044,17.58376825],[73.44479108,17.58585]],[[73.43651211,17.58385706],[73.43770397,17.59249794],[73.43613994,17.59411454],[73.43651211,17.58385706]],[[73.45317328,17.58206081],[73.45364094,17.57926965],[73.45953333,17.57964694],[73.45317328,17.58206081]],[[73.03844607,18.05121124],[73.03682721,18.05069745],[73.03846002,18.04998004],[73.03844607,18.05121124]],[[73.07932615,18.3062396],[73.07592142,18.30734062],[73.07669926,18.30469561],[73.07932615,18.3062396]],[[73.08194625,18.3220402],[73.08065796,18.31907475],[73.08199012,18.31941175],[73.08194625,18.3220402]],[[73.05104685,18.48663545],[73.05424654,18.48494375],[73.05455327,18.48542976],[73.05104685,18.48663545]],[[73.07728255,18.47196865],[73.08020413,18.47135377],[73.07733071,18.47313976],[73.07728255,18.47196865]],[[72.90155995,18.94315553],[72.90070605,18.96431506],[72.89914131,18.94087994],[72.90155995,18.94315553]],[[72.92775846,18.96733224],[72.93516946,18.95212615],[72.94181967,18.9695276],[72.92775846,18.96733224]],[[73.02826345,18.99800575],[73.02646005,18.99622393],[73.02826846,18.99277341],[73.02826345,18.99800575]],[[73.04698563,19.00613403],[73.06589425,19.00284004],[73.05648625,19.01676655],[73.04698563,19.00613403]],[[73.06542468,19.02097321],[73.06266534,19.02114284],[73.06241596,19.02084482],[73.06542468,19.02097321]],[[72.99544823,19.25973547],[72.99843431,19.2594223],[72.99466133,19.26259255],[72.99544823,19.25973547]],[[72.87460434,19.52359486],[72.87546635,19.52622175],[72.87081051,19.52489364],[72.87460434,19.52359486]],[[72.86623907,19.52414656],[72.85018396,19.53742611],[72.84330988,19.52558851],[72.86623907,19.52414656]],[[72.88881135,19.55567384],[72.88412845,19.55832398],[72.88860524,19.55554736],[72.88881135,19.55567384]],[[72.8879081,20.74180877],[72.89987051,20.74469066],[72.89183772,20.74993777],[72.8879081,20.74180877]],[[72.85354996,20.76112604],[72.84727895,20.75365675],[72.85746658,20.75233674],[72.85354996,20.76112604]],[[71.38772345,20.86346161],[71.38631737,20.86509788],[71.38744164,20.86329174],[71.38772345,20.86346161]],[[71.50660312,20.90410125],[71.52047086,20.90325701],[71.53032148,20.90382016],[71.51633286,20.91397631],[71.50660312,20.90410125]],[[72.83858466,20.94715965],[72.84461665,20.94929004],[72.83886552,20.95371854],[72.83858466,20.94715965]],[[71.64825606,20.97439241],[71.64518094,20.97656953],[71.64410806,20.97499573],[71.64825606,20.97439241]],[[71.67380154,20.98494256],[71.68801236,20.99488902],[71.67404735,20.99261916],[71.67380154,20.98494256]],[[71.69869065,20.99942887],[71.70353043,20.99498534],[71.70527005,20.99826145],[71.69869065,20.99942887]],[[71.70603991,20.99827504],[71.71270215,20.99706316],[71.71396136,20.99826145],[71.70603991,20.99827504]],[[72.65439963,21.07376754],[72.64843345,21.06763101],[72.65787506,21.06571746],[72.65439963,21.07376754]],[[72.69177413,21.09726345],[72.69691575,21.11841965],[72.71061432,21.14042401],[72.675107,21.15572155],[72.69177413,21.09726345]],[[72.68072891,21.09572935],[72.67890763,21.097808],[72.68059027,21.09544992],[72.68072891,21.09572935]],[[72.6695739,21.10490835],[72.67321873,21.10415244],[72.67168117,21.11501944],[72.6695739,21.10490835]],[[72.69792354,21.11638868],[72.70323718,21.11402941],[72.70218384,21.12206781],[72.69792354,21.11638868]],[[72.75597465,21.15706551],[72.74520385,21.15078115],[72.74538183,21.14959192],[72.75597465,21.15706551]],[[72.10265374,21.26953125],[72.10235441,21.27078676],[72.09958458,21.2655884],[72.10265374,21.26953125]],[[72.58759534,21.33660388],[72.58580124,21.33715606],[72.58631766,21.33631074],[72.58759534,21.33660388]],[[72.58298385,21.36236668],[72.5798794,21.36403072],[72.57940721,21.36023402],[72.58298385,21.36236668]],[[72.60007191,21.37824595],[72.59369695,21.38015723],[72.58767092,21.36723483],[72.60007191,21.37824595]],[[72.61554384,21.39638472],[72.62805498,21.41743481],[72.61269116,21.39585102],[72.61554384,21.39638472]],[[72.63243246,21.41364682],[72.63566947,21.41322351],[72.63660765,21.41739237],[72.63243246,21.41364682]],[[72.67272115,21.44020176],[72.67138553,21.44614947],[72.66387391,21.43986881],[72.67272115,21.44020176]],[[72.36541092,21.58992851],[72.3472718,21.61015046],[72.35869133,21.57976294],[72.36541092,21.58992851]],[[72.59066093,21.62061846],[72.60175657,21.62649131],[72.61155724,21.63536263],[72.59629798,21.63017023],[72.59296298,21.63828456],[72.59066093,21.62061846]],[[72.58419943,21.62609816],[72.5813266,21.6267209],[72.58227718,21.62591255],[72.58419943,21.62609816]],[[72.59581041,21.64065134],[72.60279095,21.64103484],[72.59607875,21.64124072],[72.59581041,21.64065134]],[[72.61789727,21.63842761],[72.62023354,21.63909614],[72.61739922,21.63943493],[72.61789727,21.63842761]],[[72.61525166,21.63555121],[72.61451042,21.63639557],[72.61459506,21.63543665],[72.61525166,21.63555121]],[[72.61070454,21.63143086],[72.61177874,21.63150036],[72.61175764,21.63195586],[72.61070454,21.63143086]],[[72.60508907,21.62268901],[72.60739327,21.61917615],[72.60940826,21.62887442],[72.60508907,21.62268901]],[[72.71766841,21.6654036],[72.74388456,21.64558375],[72.75093853,21.65534568],[72.71766841,21.6654036]],[[72.84260178,21.67699003],[72.90088713,21.66610563],[72.91328847,21.67829263],[72.84260178,21.67699003]],[[72.86216605,21.66808546],[72.85613406,21.66565275],[72.86282027,21.66431236],[72.86216605,21.66808546]],[[73.09425747,21.72945392],[73.07291114,21.73493302],[73.05122006,21.71872056],[73.06129706,21.72119105],[73.08015001,21.71666062],[73.09425747,21.72945392]],[[73.06035912,21.71908724],[73.05992544,21.71768081],[73.06262565,21.71839237],[73.06035912,21.71908724]],[[73.15961587,21.76705074],[73.15146351,21.79832006],[73.14152813,21.75495756],[73.15961587,21.76705074]],[[73.1715579,21.78398323],[73.17354786,21.78778207],[73.17110336,21.79377317],[73.1715579,21.78398323]],[[73.16757131,21.77804375],[73.17053115,21.77971804],[73.17077684,21.78064895],[73.16757131,21.77804375]],[[73.27920616,21.90604866],[73.28120255,21.90498567],[73.2799896,21.90657067],[73.27920616,21.90604866]],[[73.28558743,21.89965701],[73.28678644,21.90187454],[73.2833178,21.90243292],[73.28558743,21.89965701]],[[73.29571235,21.89680338],[73.29631722,21.89527392],[73.29696965,21.89731216],[73.29571235,21.89680338]],[[73.59239078,21.94452333],[73.59397316,21.94404686],[73.59208596,21.94651365],[73.59239078,21.94452333]],[[73.59394181,21.93839288],[73.59569597,21.9396857],[73.59409285,21.94061875],[73.59394181,21.93839288]],[[73.15434837,21.85805857],[73.14015007,21.85897815],[73.15559471,21.85492825],[73.15434837,21.85805857]],[[72.28740454,21.70744038],[72.28276122,21.73360455],[72.27400315,21.74957263],[72.26850855,21.73478735],[72.28740454,21.70744038]],[[72.57898366,21.84238875],[72.55832815,21.83464253],[72.57494593,21.83399153],[72.57898366,21.84238875]],[[72.53152895,21.86952615],[72.52839982,21.86815286],[72.53160846,21.86834455],[72.53152895,21.86952615]],[[72.34783316,21.92816865],[72.35693944,21.93903482],[72.35442925,21.94314253],[72.34783316,21.92816865]],[[72.46791553,22.20526981],[72.47241712,22.20325327],[72.4732089,22.20784354],[72.46791553,22.20526981]],[[72.37624204,22.20374358],[72.36835575,22.22431242],[72.37006974,22.23501623],[72.363765,22.21330905],[72.37624204,22.20374358]],[[72.38268387,22.21553767],[72.39217865,22.21045971],[72.38839436,22.21433592],[72.38268387,22.21553767]],[[72.2107594,22.0035938],[72.21595681,22.00345933],[72.21282363,22.00535285],[72.2107594,22.0035938]],[[69.72191346,21.55423844],[69.71882904,21.55794835],[69.71933627,21.55440366],[69.72191346,21.55423844]],[[69.74020207,21.59267604],[69.73509073,21.60896277],[69.72516787,21.61022091],[69.73348606,21.59587801],[69.74020207,21.59267604]],[[69.09401572,22.45156276],[69.08567512,22.42084122],[69.11108637,22.46389234],[69.15054595,22.46905911],[69.12580073,22.47565103],[69.09401572,22.45156276]],[[69.29312253,22.45888865],[69.32149065,22.45145655],[69.32809675,22.46324468],[69.30146623,22.47409976],[69.29312253,22.45888865]],[[69.61271155,22.45071852],[69.58832931,22.43817151],[69.60814762,22.41746581],[69.63631833,22.40681481],[69.65724277,22.42662716],[69.61271155,22.45071852]],[[69.14244294,22.45359755],[69.14090013,22.45489836],[69.14207733,22.45302463],[69.14244294,22.45359755]],[[69.27760506,22.41809475],[69.27972543,22.41951585],[69.2756654,22.4186455],[69.27760506,22.41809475]],[[69.27778685,22.41660404],[69.28087544,22.41650701],[69.27867711,22.41780043],[69.27778685,22.41660404]],[[69.4803549,22.39013088],[69.48902047,22.391819],[69.48288906,22.39874578],[69.4803549,22.39013088]],[[69.34040988,22.38160765],[69.32266498,22.38068914],[69.33310592,22.37250948],[69.34040988,22.38160765]],[[69.1949743,22.36780226],[69.19445336,22.37263191],[69.19006705,22.36911917],[69.1949743,22.36780226]],[[69.21384835,22.38229156],[69.21299827,22.38473213],[69.21254635,22.38435912],[69.21384835,22.38229156]],[[69.19963467,22.38675976],[69.20234966,22.38659525],[69.20177901,22.38747966],[69.19963467,22.38675976]],[[69.1827054,22.36704683],[69.18570375,22.36633384],[69.18329775,22.36749172],[69.1827054,22.36704683]],[[69.45311701,22.35765851],[69.43762553,22.35424137],[69.45853603,22.35289884],[69.45311701,22.35765851]],[[69.31196237,22.30331898],[69.31036115,22.30616796],[69.30952156,22.30421615],[69.31196237,22.30331898]],[[70.42535985,22.89801002],[70.42968047,22.90083444],[70.42863286,22.90579903],[70.42535985,22.89801002]],[[70.36347926,22.93541586],[70.39327633,22.96267927],[70.39664865,23.02433991],[70.36576176,23.03783357],[70.36520255,23.10309613],[70.30455625,23.09826982],[70.29322231,23.10159183],[70.28925514,23.10594726],[70.23048365,23.07887423],[70.23653245,22.97954631],[70.29067814,22.94482732],[70.36347926,22.93541586]],[[70.27278495,23.10259116],[70.27144384,23.11721706],[70.26140726,23.10380125],[70.24839985,23.09674525],[70.22112405,23.08897722],[70.21499217,23.07372701],[70.27278495,23.10259116]],[[70.21226025,23.08629465],[70.21954584,23.09957755],[70.21055734,23.08743191],[70.21226025,23.08629465]],[[70.22137487,23.09668005],[70.22553766,23.09870052],[70.22541761,23.10089016],[70.22137487,23.09668005]],[[70.29086781,23.10618091],[70.29759026,23.10391676],[70.29508924,23.1092242],[70.29086781,23.10618091]],[[70.30040967,23.10167992],[70.34599614,23.10490561],[70.34943402,23.11516201],[70.31396222,23.11516631],[70.30040967,23.10167992]],[[70.37389553,23.15412748],[70.37501216,23.06231618],[70.39809275,23.06414485],[70.40248024,23.06094635],[70.40503335,23.05209672],[70.40248013,23.04252493],[70.39789355,23.03635836],[70.40224504,23.02916431],[70.43742585,23.06207573],[70.48119605,23.07209277],[70.50348318,23.11531675],[70.55276895,23.16447961],[70.50643897,23.16903186],[70.49176455,23.14934456],[70.46267736,23.15713942],[70.44377923,23.16961515],[70.37389553,23.15412748]],[[70.45664275,23.16443765],[70.46595526,23.15834832],[70.45686853,23.16726983],[70.45664275,23.16443765]],[[70.48225057,23.06526995],[70.45649886,23.04752803],[70.44641948,23.02525234],[70.48225057,23.06526995]],[[70.42942154,23.00548673],[70.44847775,23.05171406],[70.41396165,22.98992872],[70.42942154,23.00548673]],[[70.43576026,22.98331976],[70.43849754,22.9780395],[70.45507753,22.99516952],[70.43576026,22.98331976]],[[70.44143307,23.04932475],[70.42011094,23.03718054],[70.41483152,23.02264655],[70.42977715,23.03480411],[70.44143307,23.04932475]],[[70.45168531,23.05201721],[70.45168197,23.05079007],[70.45331383,23.05282521],[70.45168531,23.05201721]],[[70.45670021,23.05489683],[70.45917106,23.05730236],[70.44978452,23.05234158],[70.45670021,23.05489683]],[[70.46151173,23.05762517],[70.46823442,23.05880141],[70.46943355,23.06095123],[70.46151173,23.05762517]],[[70.45213103,23.06043005],[70.44666231,23.05831218],[70.44923365,23.05792773],[70.45213103,23.06043005]],[[70.36682522,23.04226863],[70.39259708,23.04977775],[70.39690947,23.06310785],[70.36682522,23.04226863]],[[70.39376914,23.05035365],[70.40395594,23.05241871],[70.40054595,23.05829346],[70.39376914,23.05035365]],[[70.43093073,22.92764676],[70.44749284,22.93020535],[70.45705283,22.91873991],[70.44592392,22.89036882],[70.46956253,22.89350581],[70.47119606,22.94094563],[70.43393922,22.96146405],[70.43093073,22.92764676]],[[70.47182727,22.93234503],[70.48095644,22.93397892],[70.47400415,22.93866146],[70.47182727,22.93234503]],[[69.63726521,22.77882743],[69.63569462,22.77658248],[69.63733482,22.77566767],[69.63726521,22.77882743]],[[68.60347152,23.228338],[68.61369205,23.2219125],[68.60919321,23.23083115],[68.60347152,23.228338]],[[68.63659596,23.22667587],[68.63436043,23.22805524],[68.63424838,23.22558916],[68.63659596,23.22667587]],[[68.63360882,23.22871387],[68.63153195,23.22808135],[68.63255823,23.22744215],[68.63360882,23.22871387]],[[68.65908825,23.26948166],[68.65736914,23.26878881],[68.66032863,23.26800942],[68.65908825,23.26948166]],[[68.70008004,23.30944753],[68.70695758,23.31097186],[68.70020604,23.30981982],[68.70008004,23.30944753]],[[68.58673048,23.37569213],[68.58101201,23.3845396],[68.5782119,23.38478374],[68.58673048,23.37569213]],[[68.59386981,23.80320776],[68.60801256,23.80590308],[68.60574305,23.80913413],[68.59386981,23.80320776]],[[68.59546065,23.81012201],[68.59384251,23.81184983],[68.59439528,23.81013727],[68.59546065,23.81012201]],[[68.70549726,23.84840345],[68.71065223,23.84956551],[68.70297587,23.85075235],[68.70549726,23.84840345]],[[68.69651651,23.84891164],[68.69830513,23.85299933],[68.69496596,23.84937727],[68.69651651,23.84891164]],[[68.49111307,23.86610043],[68.53273475,23.87601566],[68.54687011,23.87280297],[68.58765948,23.92124951],[68.52579653,23.94075131],[68.52531636,23.89241481],[68.48625934,23.88990796],[68.49111307,23.86610043]],[[68.53477585,23.86494446],[68.52437973,23.85946393],[68.52455771,23.85831094],[68.53477585,23.86494446]]],[[[68.7585057,24.05859435],[68.79422784,24.02609074],[68.78794146,24.08203125],[68.79340255,24.08938706],[68.80723822,24.02350342],[68.82037711,24.03989243],[68.84964013,24.04076612],[68.88047171,24.06100082],[68.90908992,24.06793344],[68.80736434,24.01956058],[68.76844311,24.03715718],[68.7585057,24.05859435]]]]}},{"type":"Feature","id":"POLY-EEZ-IND-ANDAMAN","properties":{"polygon_id":"POLY-EEZ-IND-ANDAMAN","name":"Indian Exclusive Economic Zone (Andaman & Nicobar Islands)","polygon_type":"EEZ_BOUNDARY","is_hard_restriction":false,"authority":"Government of India / UNCLOS","restriction_level":"INFORMATIONAL","area_km2":664448,"mrgid":8333,"source":"Flanders Marine Institute (VLIZ) Marine Regions v12","description":"Official 200 nautical mile Exclusive Economic Zone surrounding the Andaman and Nicobar archipelago in the Andaman Sea."},"geometry":{"type":"Polygon","coordinates":[[[90.22874354,15.71683539],[93.13472222,13.81972222],[93.68305556,13.57166667],[93.83333333,13.8],[95.03333333,13.8],[95.68333333,12.90194444],[95.5,12.32861111],[95.43333333,11.72138889],[95.36666667,10.74805556],[95.26611111,10.46666667],[95.26722222,10.31166667],[95.60343096,9.58428691],[95.65444444,8.165],[95.69666667,7.95833333],[95.42916667,7.66833333],[94.92694444,7.04],[94.63333333,6.64166667],[94.40333333,6.27],[93.68666667,5.42222222],[92.72527778,4.30861111],[92.16011405,3.84065779],[91.70571284,4.14926047],[91.30962822,4.52569555],[91.00764114,4.91800328],[90.65683201,5.51840871],[90.00794767,6.91812373],[89.54800453,8.02095145],[89.15919554,9.50860126],[88.97076768,10.00116026],[88.86199925,10.4608655],[88.8227863,10.8304251],[88.79964455,11.68193961],[88.83055778,12.06224248],[88.90622824,12.44014433],[89.0421166,12.84785187],[89.2619449,13.31563344],[89.37750571,13.94879576],[89.62392016,14.67146012],[89.90125816,15.25424193],[90.22874354,15.71683539]],[[93.01523542,13.67611122],[92.97672641,13.65531755],[93.02799237,13.62701404],[93.02529824,13.66060114],[93.01523542,13.67611122]],[[93.02269864,13.67430127],[93.02360988,13.6708641],[93.02424085,13.67251396],[93.02269864,13.67430127]],[[93.05641854,13.65417683],[93.04702735,13.62090206],[93.06698191,13.65187025],[93.05641854,13.65417683]],[[92.88513327,13.57438254],[92.90256095,13.59498155],[92.90222144,13.60064161],[92.88624024,13.59292984],[92.88513327,13.57438254]],[[93.02702677,13.57870066],[93.00980675,13.54185271],[92.9878813,13.57298315],[92.98848665,13.52782774],[92.9176445,13.53644133],[92.9295969,13.50179517],[92.87189853,13.47168016],[92.88411784,13.42939568],[92.86772704,13.40227675],[92.84298623,13.40222371],[92.86692405,13.38568521],[92.83628166,13.36660147],[92.82168841,13.30956531],[92.84209478,13.30137515],[92.82247961,13.27734256],[92.85436237,13.25766182],[92.82782102,13.23651671],[92.81880343,13.18359375],[92.83520401,13.17313898],[92.80971527,13.15349364],[92.8471837,13.13922834],[92.8101474,13.12682521],[92.82218277,13.09646261],[92.81028926,13.07540393],[92.79694724,13.08953702],[92.78854334,13.01774526],[92.82519054,13.01244354],[92.79323375,12.98171997],[92.7943269,12.91447127],[92.84305465,12.89173365],[92.84393585,12.88549387],[92.84142184,12.87927175],[92.84271395,12.87617064],[92.87300313,12.88289332],[92.8545804,12.92754805],[92.88232374,12.98253107],[92.90691924,12.98473251],[92.91270816,12.94639993],[92.93858373,12.97111821],[92.90830541,12.99975216],[92.90184915,13.02198231],[92.91617048,13.05421352],[92.88811374,13.04569328],[92.91295552,13.06629062],[92.89266682,13.09505594],[92.92282271,13.05642462],[92.93704021,13.08443356],[92.93505168,13.04231906],[92.9706068,13.01262927],[92.96613395,13.03530025],[93.00421751,13.02870536],[93.03496707,13.08111095],[93.03205311,13.17795694],[93.06638145,13.27259314],[93.01229584,13.27697647],[93.01261807,13.29480755],[93.02191591,13.29494464],[93.00692976,13.30889475],[93.00930584,13.32004642],[92.99126375,13.29271364],[92.99804807,13.31518555],[92.96357667,13.32498515],[92.95067251,13.34360504],[92.96933734,13.3604089],[92.98818386,13.3292917],[93.04138744,13.36717248],[93.04039645,13.32210374],[93.06009364,13.32907796],[93.06544352,13.30297255],[93.09025073,13.33537841],[93.05529475,13.38214755],[93.04872406,13.37356412],[93.02878761,13.37320936],[93.07080114,13.40661025],[93.02090573,13.43143761],[93.04498494,13.52532482],[93.02702677,13.57870066]],[[93.05391455,13.56605935],[93.05460596,13.55990565],[93.05723465,13.56654048],[93.05391455,13.56605935]],[[94.27200842,13.46546221],[94.24931395,13.44571686],[94.25570238,13.43029976],[94.27549815,13.44183445],[94.27200842,13.46546221]],[[93.1023581,13.43503594],[93.09909427,13.43033183],[93.10406947,13.43000901],[93.1023581,13.43503594]],[[93.06995165,13.41236675],[93.07268548,13.43110275],[93.06735754,13.42230332],[93.06995165,13.41236675]],[[93.09266543,13.42017221],[93.08902001,13.40999794],[93.09547913,13.41619205],[93.09266543,13.42017221]],[[93.06170964,13.38496792],[93.06333685,13.38400805],[93.06364083,13.38702631],[93.06170964,13.38496792]],[[93.08194435,13.37],[93.08256996,13.36687291],[93.08346832,13.36882007],[93.08194435,13.37]],[[93.07617462,13.36678624],[93.07778704,13.36314285],[93.07912111,13.36374188],[93.07617462,13.36678624]],[[93.07861173,13.30143023],[93.07209671,13.29800546],[93.07852292,13.29910982],[93.07861173,13.30143023]],[[93.00943828,13.31074202],[93.02590823,13.32731187],[93.0163027,13.33128285],[93.00943828,13.31074202]],[[93.01646042,13.33784068],[93.01465797,13.33963728],[93.01491725,13.33739865],[93.01646042,13.33784068]],[[93.0376029,13.34084034],[93.03674865,13.34306574],[93.03714013,13.34070134],[93.0376029,13.34084034]],[[92.96777773,13.33527768],[92.96638894,13.33638895],[92.96749985,13.33249986],[92.96777773,13.33527768]],[[93.01611114,13.28499985],[93.01583326,13.2833333],[93.01666665,13.28444445],[93.01611114,13.28499985]],[[93.05750465,13.22615993],[93.06141138,13.22109342],[93.05830205,13.22691333],[93.05750465,13.22615993]],[[92.92158341,13.00048852],[92.93984675,13.02512872],[92.92184472,13.02762055],[92.92158341,13.00048852]],[[92.98660111,12.99984622],[92.98872614,12.99812603],[92.98919952,13.00044644],[92.98660111,12.99984622]],[[93.00575757,12.99752343],[92.97235405,12.96944916],[92.96040702,12.98947263],[92.97394645,12.94566715],[92.96030092,12.94937718],[92.95176983,12.94077146],[92.98263848,12.93413317],[93.00575757,12.99752343]],[[92.88634086,12.92307532],[92.85988092,12.93274164],[92.86492264,12.91710007],[92.88634086,12.92307532]],[[92.89814126,12.92140853],[92.89592755,12.89861083],[92.87392092,12.88116801],[92.84174585,12.8755902],[92.81018305,12.89753234],[92.79220974,12.88987982],[92.78155828,12.84853327],[92.7693758,12.8613404],[92.78367233,12.82435596],[92.78243816,12.80766904],[92.76055396,12.85941625],[92.73799455,12.81044126],[92.72386992,12.82664847],[92.74614,12.72232676],[92.73287511,12.67421782],[92.76862383,12.67172003],[92.77974665,12.71289062],[92.78840125,12.67405462],[92.78033567,12.65277684],[92.78035617,12.63061333],[92.78676724,12.62517714],[92.78545284,12.61898041],[92.7771039,12.63282347],[92.77710426,12.6671648],[92.75323415,12.67072427],[92.68454027,12.60781252],[92.70747316,12.59694338],[92.69944644,12.32771361],[92.71963358,12.30039644],[92.75452101,12.29572308],[92.77127862,12.31955302],[92.79453933,12.30620384],[92.80293155,12.3127495],[92.80959415,12.31466901],[92.83198571,12.30249643],[92.89471865,12.32018375],[92.88980365,12.35063124],[92.85978782,12.36228037],[92.83852291,12.39504826],[92.84150505,12.40585816],[92.83406615,12.40908301],[92.82868922,12.42248046],[92.82994235,12.42779875],[92.79435515,12.43788266],[92.79105306,12.46967006],[92.79681003,12.43784428],[92.89880705,12.41560018],[92.84906554,12.45836306],[92.82918251,12.49642432],[92.83495891,12.49449301],[92.85290205,12.45878971],[92.88587451,12.45371962],[92.87808597,12.44480121],[92.90782166,12.42217505],[92.91309714,12.40572786],[92.91543031,12.4435842],[92.95802021,12.46748793],[92.93187702,12.48046875],[92.96820855,12.49617624],[92.95605695,12.60810888],[92.98025715,12.70976937],[92.93428385,12.77359664],[92.94831085,12.83607936],[92.92738986,12.8846544],[92.90508521,12.88466096],[92.92186832,12.91232514],[92.91027892,12.90895951],[92.89814126,12.92140853]],[[92.93620396,12.917436],[92.93198621,12.91641092],[92.93536794,12.91353714],[92.93620396,12.917436]],[[92.91225576,12.91389537],[92.91252875,12.9177227],[92.90869355,12.91443312],[92.91225576,12.91389537]],[[92.96063411,12.41956258],[92.91848517,12.37428105],[92.93112612,12.35884404],[92.96063411,12.41956258]],[[92.88203943,12.37404776],[92.88801408,12.4078418],[92.84370124,12.40044045],[92.88203943,12.37404776]],[[92.89756167,12.41078377],[92.89908767,12.40770614],[92.89874852,12.41152334],[92.89756167,12.41078377]],[[92.89557827,12.3941313],[92.89773965,12.39273298],[92.89720786,12.39492881],[92.89557827,12.3941313]],[[92.86231303,12.41269946],[92.86744773,12.42055166],[92.85898352,12.41653824],[92.86231303,12.41269946]],[[92.84632015,12.41490603],[92.83344805,12.42658865],[92.82913995,12.42342985],[92.84632015,12.41490603]],[[92.88830018,12.41381323],[92.88934982,12.41284895],[92.88934982,12.41415775],[92.88830018,12.41381323]],[[92.90465415,12.42309535],[92.89938188,12.42196846],[92.90326345,12.42024875],[92.90465415,12.42309535]],[[92.87588048,12.44415736],[92.87449431,12.44516873],[92.87421095,12.44437623],[92.87588048,12.44415736]],[[92.91249537,12.35388434],[92.91195488,12.33812773],[92.91795075,12.35395801],[92.91249537,12.35388434]],[[92.90670943,12.33978558],[92.90466487,12.34027374],[92.90542495,12.33845997],[92.90670943,12.33978558]],[[92.91150045,12.33518434],[92.91274762,12.33186138],[92.91354215,12.33273077],[92.91150045,12.33518434]],[[93.06853545,12.31905782],[93.06300795,12.31592357],[93.07388914,12.31670106],[93.06853545,12.31905782]],[[92.92995167,12.30571628],[92.92763472,12.28101003],[92.90163922,12.28811896],[92.92221045,12.23115051],[92.9422518,12.27430928],[92.92995167,12.30571628]],[[93.8671875,12.29555547],[93.85423911,12.26692188],[93.87638891,12.27083325],[93.8671875,12.29555547]],[[93.02699804,12.27352917],[93.02462995,12.27812135],[93.02208233,12.27476561],[93.02699804,12.27352917]],[[93.0625,12.23388875],[93.10074985,12.20394361],[93.10570538,12.26075482],[93.08861113,12.23722208],[93.07249987,12.25972223],[93.0625,12.23388875]],[[93.07213831,12.21078217],[93.03648007,12.15691781],[93.07441223,12.08362734],[93.0949831,12.14241755],[93.07213831,12.21078217]],[[93.10947394,12.14393973],[93.11556125,12.12995684],[93.12052906,12.14834797],[93.10947394,12.14393973]],[[93.09789753,12.13350725],[93.09639323,12.13657248],[93.09747756,12.13357615],[93.09789753,12.13350725]],[[93.04510462,12.04554081],[93.02754605,12.16623378],[93.00438225,12.11332572],[92.99162436,12.14394498],[92.95578074,12.14604366],[92.96599674,12.11893511],[92.98037577,12.11185646],[92.99707842,12.11345851],[93.00667286,12.10778964],[93.00713933,12.07541084],[93.04510462,12.04554081]],[[92.99744987,12.04525244],[93.00469768,12.10377645],[92.95986736,12.10735762],[92.97957861,12.05108655],[92.99744987,12.04525244]],[[92.96610677,12.04823756],[92.9254446,11.99588275],[93.00025654,11.94998336],[93.04315162,11.88244295],[93.05381215,11.90369642],[93.00892282,12.01994991],[92.96610677,12.04823756]],[[92.75566673,11.70192146],[92.78420782,11.93618596],[92.74692631,11.9321928],[92.71837771,11.82432044],[92.71021426,11.81451964],[92.69248486,11.80892277],[92.67983925,11.81889331],[92.70830536,11.81705546],[92.72607613,11.85646141],[92.71445584,11.93245757],[92.72819304,11.99450135],[92.74866354,11.97745943],[92.74287212,11.99344695],[92.76865375,11.99871862],[92.73677361,12.01567447],[92.73938704,12.04091191],[92.76212084,12.02061784],[92.78365147,12.04710758],[92.73523033,12.06515062],[92.73615253,12.1061542],[92.75738466,12.17610848],[92.70393884,12.16522777],[92.6947211,12.23903215],[92.68480754,12.20843756],[92.65426266,12.18179035],[92.66190755,12.21527541],[92.63541973,12.11949062],[92.62346745,12.10277045],[92.61105537,11.87093735],[92.56230021,11.94625485],[92.51371956,11.84722006],[92.52210724,11.82568336],[92.54646754,11.83502746],[92.56210804,11.69361293],[92.58781874,11.71805012],[92.60808885,11.63404763],[92.63134515,11.62831843],[92.63183546,11.65064013],[92.64434302,11.63622987],[92.6366235,11.61552584],[92.60843182,11.61975753],[92.60762405,11.59471178],[92.61882031,11.58377075],[92.62032044,11.57244635],[92.61795926,11.56259716],[92.64703524,11.57242036],[92.64676833,11.52214575],[92.6996119,11.50600851],[92.71145225,11.47708595],[92.75636005,11.66581917],[92.72158194,11.68640685],[92.72974968,11.65910184],[92.69511342,11.65301371],[92.69493151,11.62290716],[92.66625094,11.65393984],[92.70816183,11.66981542],[92.70213783,11.70724344],[92.75566673,11.70192146]],[[93.01373994,11.84911847],[93.05025661,11.81229353],[93.07215536,11.83762395],[93.01373994,11.84911847]],[[93.08062863,11.78810966],[93.08351398,11.78023362],[93.08620572,11.78875172],[93.08062863,11.78810966]],[[92.72370768,11.68951476],[92.72524416,11.68706596],[92.72663021,11.68833446],[92.72370768,11.68951476]],[[92.69605768,11.66372764],[92.70074821,11.65986824],[92.70120394,11.66314662],[92.69605768,11.66372764]],[[92.76675975,11.67872596],[92.75997376,11.67678225],[92.76115966,11.6694591],[92.76675975,11.67872596]],[[92.67029476,11.4856261],[92.63629627,11.51706696],[92.62098873,11.49740934],[92.62432921,11.40896165],[92.58733964,11.40078807],[92.59268224,11.34949756],[92.69084775,11.37035501],[92.64954877,11.40724444],[92.68373954,11.42716587],[92.67029476,11.4856261]],[[92.56300724,11.3937242],[92.55706251,11.39601707],[92.55589712,11.39064384],[92.56300724,11.3937242]],[[92.5483886,11.39302325],[92.54937458,11.39758396],[92.54551887,11.39521992],[92.5483886,11.39302325]],[[92.61142874,11.50454175],[92.61269045,11.51013231],[92.60989726,11.50412858],[92.61142874,11.50454175]],[[92.27029967,11.51615393],[92.27256298,11.51809227],[92.27024996,11.51676643],[92.27029967,11.51615393]],[[92.26210201,11.51796162],[92.27101743,11.58390295],[92.21557033,11.59439623],[92.21450734,11.52948368],[92.26210201,11.51796162]],[[92.53191102,11.59340584],[92.53515136,11.56333661],[92.53048825,11.55408907],[92.56935334,11.58914816],[92.53191102,11.59340584]],[[92.61721253,11.58240926],[92.60076416,11.56740224],[92.61517024,11.56294274],[92.61721253,11.58240926]],[[92.62036324,11.55756664],[92.60176945,11.55311584],[92.6107552,11.53180635],[92.62036324,11.55756664]],[[92.62668407,11.54383075],[92.62946343,11.54281116],[92.62789142,11.54913175],[92.62668407,11.54383075]],[[92.60643137,11.53419602],[92.60072982,11.53026545],[92.60643685,11.52208924],[92.60643137,11.53419602]],[[92.56894684,11.52758515],[92.55193281,11.53755081],[92.56669438,11.51697695],[92.56894684,11.52758515]],[[92.58792853,11.57042253],[92.59547031,11.53277552],[92.59234488,11.5773282],[92.58792853,11.57042253]],[[92.57545424,11.56433427],[92.57338655,11.56613755],[92.57386947,11.5625602],[92.57545424,11.56433427]],[[92.56702876,11.56890285],[92.56541312,11.57061875],[92.56558585,11.56791067],[92.56702876,11.56890285]],[[92.5795449,11.58389235],[92.57657194,11.58465087],[92.57814932,11.58192575],[92.5795449,11.58389235]],[[92.64505112,11.51544821],[92.64530313,11.51335585],[92.64553225,11.51519728],[92.64505112,11.51544821]],[[92.67168403,11.48915946],[92.67326927,11.48706984],[92.67324603,11.48745942],[92.67168403,11.48915946]],[[92.55057096,11.72364712],[92.54945338,11.72426808],[92.55071068,11.72123194],[92.55057096,11.72364712]],[[92.56306791,11.94724667],[92.56823885,11.94965875],[92.56492817,11.95015502],[92.56306791,11.94724667]],[[92.59312677,11.97655606],[92.59883666,11.92780232],[92.60923064,11.94223952],[92.59312677,11.97655606]],[[92.58129191,11.97916913],[92.58489096,11.97782123],[92.58353972,11.98248482],[92.58129191,11.97916913]],[[92.59554994,11.91475105],[92.5997982,11.90808296],[92.60160768,11.91853046],[92.59554994,11.91475105]],[[92.63018882,12.11305475],[92.62871945,12.11507988],[92.62821567,12.11218691],[92.63018882,12.11305475]],[[92.63061512,12.11791325],[92.63055205,12.11991775],[92.63019514,12.11799598],[92.63061512,12.11791325]],[[92.68023646,12.2188971],[92.68268275,12.21497714],[92.68229151,12.22448134],[92.68023646,12.2188971]],[[92.70997894,12.2314893],[92.72367501,12.29120791],[92.70607162,12.29856968],[92.70186746,12.26354373],[92.70997894,12.2314893]],[[92.69946682,12.24817824],[92.69589972,12.24674797],[92.69823885,12.2446841],[92.69946682,12.24817824]],[[92.77158356,12.31276286],[92.77815485,12.27913463],[92.76478767,12.26381683],[92.75040531,12.27362645],[92.74237895,12.24475205],[92.76990688,12.23647284],[92.76738012,12.18488991],[92.73929346,12.09490585],[92.76440537,12.06338966],[92.8125,12.10686386],[92.82307696,12.16581607],[92.85062444,12.15761995],[92.84875262,12.19984472],[92.88067174,12.19515395],[92.85886681,12.24564385],[92.86510217,12.25134885],[92.87827516,12.25115383],[92.88940334,12.26556504],[92.86638677,12.30541635],[92.82978046,12.30023861],[92.80954695,12.31272376],[92.79536915,12.30393624],[92.77158356,12.31276286]],[[92.76514792,12.29708505],[92.7651031,12.29894948],[92.76371384,12.29708445],[92.76514792,12.29708505]],[[92.87715256,12.29600835],[92.88070655,12.29562914],[92.87968433,12.29812002],[92.87715256,12.29600835]],[[92.90013826,12.26231468],[92.90087891,12.25867474],[92.90078998,12.26247215],[92.90013826,12.26231468]],[[92.91334414,12.22272944],[92.88449812,12.2391541],[92.87048733,12.24386263],[92.87917364,12.20842922],[92.89178026,12.2338798],[92.91334414,12.22272944]],[[92.94169271,12.21741831],[92.92509854,12.21177804],[92.93303394,12.19582975],[92.94169271,12.21741831]],[[93.02170885,12.22495306],[93.01931894,12.22270775],[93.02177894,12.22364426],[93.02170885,12.22495306]],[[92.86748791,12.23654366],[92.86161184,12.24564815],[92.86539996,12.23591042],[92.86748791,12.23654366]],[[92.88194442,12.24888885],[92.87944436,12.24805546],[92.88111114,12.24527764],[92.88194442,12.24888885]],[[92.84455407,12.14970994],[92.8462857,12.14810097],[92.84715891,12.15066111],[92.84455407,12.14970994]],[[92.95763004,12.09974885],[92.94879103,12.09891176],[92.95157504,12.08407331],[92.95763004,12.09974885]],[[92.99261332,12.11201811],[92.99301386,12.11028147],[92.99379945,12.11051786],[92.99261332,12.11201811]],[[92.97089934,12.06528735],[92.96974492,12.06394422],[92.97108841,12.06425405],[92.97089934,12.06528735]],[[92.73946094,12.10706425],[92.74256682,12.11480677],[92.73882246,12.10698581],[92.73946094,12.10706425]],[[92.76363456,12.17838955],[92.75629902,12.18039036],[92.75936472,12.1778475],[92.75906587,12.16673934],[92.76363456,12.17838955]],[[92.73089051,12.19298315],[92.76594675,12.18509007],[92.76227665,12.22921312],[92.74001586,12.23573136],[92.73308074,12.21038914],[92.72991931,12.24252033],[92.72309792,12.18931377],[92.73089051,12.19298315]],[[92.73255515,12.18236494],[92.72529626,12.18546557],[92.7285552,12.18145216],[92.73255515,12.18236494]],[[92.72029281,12.18043864],[92.71943212,12.18128586],[92.71918023,12.17928135],[92.72029281,12.18043864]],[[92.7428869,12.25511527],[92.74845016,12.28856194],[92.73477554,12.24835014],[92.7428869,12.25511527]],[[92.73846543,12.27247441],[92.7375468,12.27524805],[92.73531055,12.26931226],[92.73846543,12.27247441]],[[92.73662353,12.28194904],[92.73764241,12.29244554],[92.73520732,12.28738284],[92.73662353,12.28194904]],[[92.75277782,12.29416657],[92.75499988,12.29361105],[92.75499988,12.29444444],[92.75277782,12.29416657]],[[92.77029943,12.29056573],[92.76657653,12.28969336],[92.76698756,12.28907824],[92.77029943,12.29056573]],[[92.76790905,12.28427112],[92.75321877,12.27775764],[92.76367843,12.26616144],[92.76790905,12.28427112]],[[92.77683163,12.01599026],[92.77093816,12.01710856],[92.77377653,12.01273882],[92.77683163,12.01599026]],[[92.76697242,11.95526731],[92.73608565,11.953125],[92.74624073,11.94484782],[92.76697242,11.95526731]],[[92.73150826,11.94382882],[92.72352445,11.95363474],[92.72607374,11.94124091],[92.73150826,11.94382882]],[[92.74459398,11.96521092],[92.74207807,11.96664655],[92.74236536,11.96463525],[92.74459398,11.96521092]],[[92.68463051,12.53934443],[92.66873801,12.53170907],[92.67828751,12.52232766],[92.68463051,12.53934443]],[[92.70317173,12.63816774],[92.70071888,12.63961446],[92.70147133,12.63799763],[92.70317173,12.63816774]],[[92.73118031,12.70272434],[92.73118556,12.7044363],[92.73087287,12.70253706],[92.73118031,12.70272434]],[[92.71973002,12.72196531],[92.72546625,12.74821234],[92.71216857,12.77714646],[92.7081151,12.82967293],[92.69443274,12.79680705],[92.71973002,12.72196531]],[[92.65730762,12.77275574],[92.65414882,12.77131522],[92.65527916,12.76900923],[92.65730762,12.77275574]],[[92.66803634,12.78265965],[92.67527091,12.83531332],[92.72070813,12.88322282],[92.72065771,12.97582281],[92.69466496,12.992136],[92.64837706,12.86165583],[92.66803634,12.78265965]],[[92.67057085,12.94841146],[92.67055464,12.94954073],[92.66991651,12.94920874],[92.67057085,12.94841146]],[[92.66966033,12.95261991],[92.66815305,12.95374036],[92.66867185,12.95203805],[92.66966033,12.95261991]],[[92.76079917,12.92978716],[92.76638997,12.92879176],[92.76272714,12.93504596],[92.76079917,12.92978716]],[[92.77530146,12.93050694],[92.76942861,12.92279637],[92.77294958,12.91800296],[92.77530146,12.93050694]],[[92.76488423,12.91787803],[92.7666769,12.92464256],[92.76220298,12.92150903],[92.76488423,12.91787803]],[[92.76669514,12.91779184],[92.76800775,12.91662955],[92.76764894,12.91781545],[92.76669514,12.91779184]],[[92.79130697,12.91663587],[92.77431154,12.90584397],[92.79270494,12.89180672],[92.80041933,12.89766037],[92.79130697,12.91663587]],[[92.79167783,12.89097691],[92.78165674,12.89134335],[92.78554893,12.88204777],[92.79167783,12.89097691]],[[92.74847126,12.892802],[92.7575531,12.90778315],[92.75405872,12.91329706],[92.74847126,12.892802]],[[92.75712383,12.87837827],[92.75761473,12.87613738],[92.76037025,12.87717283],[92.75712383,12.87837827]],[[92.76602042,12.87259805],[92.7633779,12.85584486],[92.76599324,12.85508704],[92.76602042,12.87259805]],[[92.77606273,12.86513054],[92.77774203,12.86665964],[92.77593684,12.86603975],[92.77606273,12.86513054]],[[92.71897256,12.83582056],[92.72047007,12.86409235],[92.71037507,12.83375251],[92.71897256,12.83582056]],[[92.72922087,12.85585153],[92.7307384,12.85527945],[92.73150241,12.85640275],[92.72922087,12.85585153]],[[92.72585225,12.83679807],[92.72780645,12.83551228],[92.72719252,12.83830392],[92.72585225,12.83679807]],[[92.71661615,12.80424571],[92.71740067,12.80297506],[92.71711886,12.80398715],[92.71661615,12.80424571]],[[92.71556175,12.79934371],[92.71689713,12.7987504],[92.71627295,12.80084968],[92.71556175,12.79934371]],[[92.71533597,12.79615557],[92.71590388,12.79505765],[92.71618795,12.79729366],[92.71533597,12.79615557]],[[92.71753275,12.78800285],[92.71816182,12.7711426],[92.72456443,12.76163328],[92.71753275,12.78800285]],[[92.71759403,12.77608812],[92.71579874,12.77543926],[92.7171936,12.77502394],[92.71759403,12.77608812]],[[92.7254194,12.75367856],[92.72680485,12.75293457],[92.72573423,12.75382316],[92.7254194,12.75367856]],[[92.72673142,12.73596632],[92.72561145,12.73322964],[92.72783744,12.72695136],[92.72673142,12.73596632]],[[92.89353597,12.89744902],[92.89204574,12.89982545],[92.89156294,12.89757287],[92.89353597,12.89744902]],[[92.86473322,12.91323805],[92.86339295,12.91475427],[92.8633424,12.91347015],[92.86473322,12.91323805]],[[92.89286006,12.93666291],[92.89021182,12.93716574],[92.88960636,12.93506646],[92.89286006,12.93666291]],[[92.90271497,12.93870425],[92.90111411,12.94162941],[92.89968884,12.94097865],[92.90271497,12.93870425]],[[92.91252601,13.00278854],[92.91078603,13.00468898],[92.91222537,13.00256801],[92.91252601,13.00278854]],[[92.94532716,13.02520943],[92.94928324,13.02123666],[92.94933784,13.02464974],[92.94532716,13.02520943]],[[92.91878331,13.04358661],[92.91479826,13.042135],[92.91897643,13.04034054],[92.91878331,13.04358661]],[[92.93287027,13.04951286],[92.93288434,13.05273426],[92.93185234,13.05221474],[92.93287027,13.04951286]],[[92.91682804,13.06256521],[92.91325247,13.06153405],[92.91717851,13.05795932],[92.91682804,13.06256521]],[[92.70659041,13.07029951],[92.69590223,13.09476221],[92.70143914,13.07078421],[92.70659041,13.07029951]],[[92.72836733,13.09339964],[92.73168826,13.09341443],[92.73075545,13.09586358],[92.72836733,13.09339964]],[[92.79634726,13.17044985],[92.79378843,13.16824806],[92.797508,13.16781986],[92.79634726,13.17044985]],[[92.81444442,13.40305555],[92.8188889,13.41638875],[92.81166661,13.41916656],[92.81444442,13.40305555]],[[92.82138884,13.43638885],[92.84638894,13.43083334],[92.84333324,13.44416654],[92.82138884,13.43638885]],[[92.86583316,13.41361105],[92.86583185,13.41139555],[92.86751437,13.41160166],[92.86583316,13.41361105]],[[92.87111115,13.50194442],[92.87416661,13.51305544],[92.86666656,13.50916672],[92.87111115,13.50194442]],[[92.91518772,13.51360178],[92.91615546,13.50686347],[92.92012286,13.51503694],[92.91518772,13.51360178]],[[92.91166663,13.53250003],[92.90694427,13.53694427],[92.90611112,13.53027773],[92.91166663,13.53250003]],[[92.87405574,13.53669667],[92.8786298,13.53775573],[92.87489176,13.54061365],[92.87405574,13.53669667]],[[93.00520372,13.55860257],[93.00786054,13.55536342],[93.00646555,13.55997753],[93.00520372,13.55860257]],[[92.71735871,11.32847655],[92.71472216,11.30805552],[92.72344124,11.33277953],[92.71735871,11.32847655]],[[92.70950627,11.30114555],[92.70028996,11.31138384],[92.69780087,11.30927443],[92.70950627,11.30114555]],[[92.70537496,11.28925824],[92.6876806,11.24193323],[92.70580137,11.26313055],[92.70537496,11.28925824]],[[92.67305553,11.18555546],[92.68111098,11.18111098],[92.67472208,11.18944442],[92.67305553,11.18555546]],[[92.73132396,11.14989841],[92.73016155,11.14169586],[92.73485756,11.14578223],[92.73132396,11.14989841]],[[92.72277772,11.14138877],[92.72576058,11.14415956],[92.72333336,11.14388883],[92.72277772,11.14138877]],[[92.66201305,10.99274552],[92.663486,10.98149598],[92.66952968,10.99014842],[92.66201305,10.99274552]],[[92.22833848,10.97617781],[92.21526122,10.97875798],[92.21758235,10.97321713],[92.22833848,10.97617781]],[[92.60882175,10.93860805],[92.61402655,10.92720628],[92.62085664,10.92955935],[92.60882175,10.93860805]],[[92.55831134,10.86314273],[92.50680316,10.88897443],[92.51289713,10.87707055],[92.51053965,10.86906827],[92.50087261,10.89083135],[92.45699465,10.86118674],[92.3981328,10.76105821],[92.38489222,10.79043806],[92.37608254,10.77319884],[92.38043082,10.66696262],[92.42057061,10.61427176],[92.38178325,10.53745234],[92.45182466,10.54458296],[92.49935341,10.51096916],[92.53122008,10.51815367],[92.56826365,10.57631731],[92.54096127,10.61700416],[92.59836161,10.69865906],[92.55831134,10.86314273]],[[92.77888894,9.24444437],[92.76666665,9.21527767],[92.7208333,9.21361113],[92.73166656,9.12437606],[92.78944445,9.11694443],[92.78233385,9.12018216],[92.83054757,9.13869357],[92.81916451,9.21324384],[92.77888894,9.24444437]],[[92.81361115,9.12694442],[92.81166661,9.12444437],[92.81472206,9.12611115],[92.81361115,9.12694442]],[[92.80380285,9.12058616],[92.79989362,9.11869931],[92.80386257,9.11944902],[92.80380285,9.12058616]],[[92.79861104,9.11861098],[92.79222214,9.11777782],[92.79861104,9.11833334],[92.79861104,9.11861098]],[[92.85322845,8.83111596],[92.86256242,8.82313585],[92.85923386,8.83733261],[92.85322845,8.83111596]],[[93.60688114,8.58120406],[93.60803056,8.57805562],[93.6091696,8.58167934],[93.60688114,8.58120406]],[[93.61273253,8.57584381],[93.61555517,8.45633554],[93.62280965,8.42167854],[93.64251697,8.4674263],[93.63603055,8.52215886],[93.61273253,8.57584381]],[[93.052019,8.43846822],[93.05732524,8.45726824],[93.04344213,8.47349334],[93.03458452,8.45021105],[93.052019,8.43846822]],[[93.61251295,8.48454833],[93.61208713,8.48635638],[93.61074674,8.48505521],[93.61251295,8.48454833]],[[93.63383222,8.39512336],[93.63561773,8.39629185],[93.63336611,8.39824545],[93.63383222,8.39512336]],[[93.65173984,8.39461994],[93.64775312,8.38972795],[93.65698993,8.39040482],[93.65173984,8.39461994]],[[93.14293337,8.3411442],[93.09515142,8.34000361],[93.08533371,8.27357471],[93.12314534,8.22095895],[93.19947886,8.19389915],[93.20461845,8.21554124],[93.12647796,8.27606905],[93.14293337,8.3411442]],[[93.23877311,8.26171875],[93.22132337,8.24187398],[93.24884403,8.22377312],[93.23877311,8.26171875]],[[93.515625,8.22963154],[93.45402706,8.17341602],[93.48515916,8.0514667],[93.51453042,8.08393645],[93.52980471,8.07849062],[93.51801944,8.046875],[93.51203156,8.06846654],[93.50559068,8.0403949],[93.48538101,8.04450238],[93.50069225,7.99735641],[93.50834847,8.03373265],[93.54998171,8.03558445],[93.55304015,8.06637204],[93.50329256,8.14808214],[93.54516137,8.19789815],[93.54358685,8.22517347],[93.515625,8.22963154]],[[93.56469631,8.11361563],[93.57171321,8.06627405],[93.59395194,8.03782845],[93.58869624,8.10928643],[93.56469631,8.11361563]],[[93.54529643,8.0281049],[93.55107093,7.99629164],[93.5329504,8.025141],[93.50736356,7.98448694],[93.57744336,7.92828858],[93.58269942,7.99143708],[93.54529643,8.0281049]],[[93.46554995,7.92802203],[93.41227055,7.96191478],[93.40974581,8.00659525],[93.37945116,8.02478552],[93.33673155,8.01215041],[93.31059051,7.9616214],[93.32254636,7.92655444],[93.35772026,7.9418298],[93.34448767,7.90170622],[93.37709343,7.88165545],[93.42262101,7.90717661],[93.46164024,7.87218034],[93.46554995,7.92802203]],[[93.34260416,7.90468776],[93.34070778,7.90504158],[93.34241712,7.90437377],[93.34260416,7.90468776]],[[93.33987784,7.90865016],[93.33878887,7.91015625],[93.33937764,7.90865016],[93.33987784,7.90865016]],[[93.54058063,7.52392173],[93.54998183,7.51629066],[93.54332805,7.52511156],[93.54058063,7.52392173]],[[93.6322031,7.47991073],[93.633008,7.4755944],[93.63429415,7.47623706],[93.6322031,7.47991073]],[[93.65259373,7.47363281],[93.64426124,7.47075713],[93.65256417,7.47078514],[93.65259373,7.47363281]],[[93.71099806,7.44504857],[93.71433055,7.39315855],[93.63237393,7.37039626],[93.62115097,7.30837464],[93.6482352,7.24261045],[93.75553036,7.35992563],[93.71099806,7.44504857]],[[93.7625643,7.39859271],[93.77227056,7.39839745],[93.76719177,7.40410256],[93.7625643,7.39859271]],[[93.84421766,7.28815818],[93.84621394,7.28619182],[93.84839773,7.29005837],[93.84421766,7.28815818]],[[93.84735751,7.24361718],[93.80666435,7.23289895],[93.80282593,7.20156753],[93.76083756,7.2145133],[93.73345196,7.18726921],[93.68607664,7.1899091],[93.65564847,7.1252284],[93.67461097,7.11224234],[93.65734625,7.09931517],[93.66299593,7.00656021],[93.69460225,7.01465452],[93.74529338,6.96166015],[93.74188066,6.92480266],[93.78063953,6.89026034],[93.77169144,6.87652493],[93.79421973,6.85057485],[93.78665054,6.83069515],[93.81527364,6.81624281],[93.80472887,6.76524174],[93.82629597,6.75421464],[93.85094738,6.81594765],[93.88190854,6.79302263],[93.90200102,6.81271446],[93.89733231,6.90213442],[93.94562328,6.95484495],[93.91386795,6.99983156],[93.9478718,6.99793875],[93.88807774,7.08593154],[93.88247526,7.20356691],[93.84614432,7.21803164],[93.84735751,7.24361718]],[[93.79038274,6.85052836],[93.78718412,6.85222185],[93.78444922,6.84878135],[93.79038274,6.85052836]],[[93.71242452,7.20803142],[93.71362495,7.22195876],[93.70898497,7.23084354],[93.71242452,7.20803142]],[[93.69499803,7.39930665],[93.68308425,7.40596175],[93.68725586,7.39735353],[93.69499803,7.39930665]]]}},{"type":"Feature","id":"POLY-EEZ-WEST-01","properties":{"polygon_id":"POLY-EEZ-WEST-01","name":"Indian Exclusive Economic Zone (West Coast)","polygon_type":"EEZ_BOUNDARY","is_hard_restriction":false,"authority":"Government of India","restriction_level":"INFORMATIONAL","description":"Sovereign 200 nm economic advisory boundary for Indian registered vessels."},"geometry":{"type":"Polygon","coordinates":[[[68.0,14.0],[72.0,14.0],[72.0,20.0],[68.0,20.0],[68.0,14.0]]]}}]}